{
    "authors": [],
    "date_download": "2018-12-14 22:23:13",
    "date_modify": null,
    "date_publish": "2017-01-15 12:49:42",
    "description": "Thích dạng háng check-in cho thoáng, thiếu nữ khiến bạn bè đứng hình khi thấy thứ kinh dị lòi ra Dưới đây là những hình ảnh hot nhất được dân mạng chia sẻ trong ngày qua, mời các bạn cùng chúng tôi điểm lại nhé! Không biết vô tình hay cố ý mà cô nàng l",
    "filename": "http%3A%2F%2Ftinvn.info%2Fthich-dang-hang-check-in-cho-thoang-thieu-nu-khien-ban-be-dung-hinh-khi-thay-thu-kinh-di-loi-ra.html.json",
    "image_url": "http://i.tinvn.info/m/2017/01/anh-hot-blogtamsu-74_01.jpg",
    "language": "vi",
    "localpath": null,
    "source_domain": "tinvn.info",
    "text": "Dưới đây là những hình ảnh hot nhất được dân mạng chia sẻ trong ngày qua, mời các bạn cùng chúng tôi điểm lại nhé!\nKhông biết vô tình hay cố ý mà cô nàng lại để “di vật” lồ lộ ở vùng nhạy cảm như thế, đúng là ai nấy cũng phải muối mặt\nMuốn nhắc em gái cài cúc áo vào cho đỡ lạnh mà ngại quá chả biết mở lời như thế nào\nAnh em có thấy đi xe số thích hơn xe ga không? Bánh xe số nhìn thôi đã biết chạy phê rồi\nVợ chồng này chắc mới ở bển về nên nói chuyện dễ thương gì đâu á!\nChỉ một cơn gió thoảng thôi em gái nhé, thế người ta mới bảo đóng thùng vào cho nó gọn gàng\nTôi có sức mạnh có thể chống đỡ cả thế giới nhé\nCác anh hùng xa lộ đừng vênh mặt lên nữa nhé\nCòn bảo thích người yêu bụng bự ôm cho sướng nữa không các chị em?\nCái ngày định mệnh gì thế này nhỉ? Ăn cũng không yên nữa\nNày thì bạn thân nhé – cảm thấy phẫn nộ\nSai một ly, đi một dặm, à đi luôn ấy chứ nhỉ?",
    "title": "Thích dạng háng check-in cho thoáng, thiếu nữ khiến bạn bè đứng hình khi thấy thứ kinh dị lòi ra",
    "title_page": null,
    "title_rss": null,
    "url": "http://tinvn.info/thich-dang-hang-check-in-cho-thoang-thieu-nu-khien-ban-be-dung-hinh-khi-thay-thu-kinh-di-loi-ra.html"
}