{
    "authors": [],
    "date_download": "2022-05-30 01:52:10",
    "date_modify": null,
    "date_publish": "2018-05-24 00:00:00",
    "description": "Tình phụ tử: Cách yêu thương của cha giành cho con gái luôn vô cùng đặc biệt và ấm áp.",
    "filename": "https%3A%2F%2F2sao.vn%2Float-anh-sieu-yeu-chung-minh-con-gai-la-nguoi-tinh-kiep-truoc-cua-cha-i-154763.html.json",
    "image_url": "https://2sao.vietnamnetjsc.vn/images/2018/05/23/21/26/con-la-nguoi-tinh-kiep-truoc-cua-bo-oki.jpg",
    "language": "vi",
    "localpath": null,
    "maintext": "Thế nhưng, dù không nói ra thì cha vĩnh viễn là người đàn ông bao dung, yêu thương và mang đến cho bạn những điều tốt đẹp nhất.",
    "source_domain": "2sao.vn",
    "title": "Con gái chính là người tình kiếp trước của cha \n Cách yêu thương của cha dành cho con gái thật vô cùng đặc biệt và ấm áp.\n\nCâu nói \"con gái là người tình kiếp trước của cha\" để chỉ mối quan hệ thân thiết, gắn bó giữa cha và con.\n\n\nSo với mẹ, cha thường ít thể hiện tình cảm hơn, đặc biệt là khi đã lớn nên chúng ta luôn có cảm giác xa cách.\n\n\nThế nhưng, dù không nói ra thì cha vĩnh viễn là người đàn ông bao dung, yêu thương và mang đến cho bạn những điều tốt đẹp nhất.\n\n\nSự kết nối giữa cha và con gái là thứ tình cảm không thể phá vỡ.\n\n\nCái được gọi là “yêu từ cái nhìn đầu tiên” của cha dành cho con luôn vĩnh viễn.\n\n\nCon là một công chúa, không phải vì con có một hoàng tử mà bởi cha con là 1 vị vua.\n\n\nTrên mỗi bước chân con đi đều có cha dõi theo.\n\n\nCha sẽ bảo vệ con khỏi những tổn thương và bất hạnh bằng tất cả sức lực của mình.\n\n\nCó thể cha chưa đủ khéo, nhưng sẵn sàng làm tất cả cho con từ những việc nhỏ nhặt nhất.\n\n\nCha vừa là vệ sĩ vừa là người bạn trung thành.\n\n\nMọi khoảnh khắc bên cha đều thật dễ thương.\n",
    "title_page": null,
    "title_rss": null,
    "url": "https://2sao.vn/loat-anh-sieu-yeu-chung-minh-con-gai-la-nguoi-tinh-kiep-truoc-cua-cha-i-154763.html"
}