{
    "authors": [],
    "date_download": "2018-12-05 16:24:25",
    "date_modify": null,
    "date_publish": "2017-03-01 20:47:44",
    "description": "Tưởng cả trăm con rắn bò vào nhà trả thù, chàng trai kinh hãi tột độ khi thấy cảnh tượng chết chóc ám ảnh sau đó Nhìn những xác chết ngửa cổ lên trời mà thanh niên chỉ muốn nôn ọe váng đầu vì quá sợ hãi. Trong một lần đến chơi nhà bạn, một chàng trai người Thái Lan đã",
    "filename": "http%3A%2F%2Ftinvn.info%2Ftuong-ca-tram-con-ran-bo-vao-nha-tra-thu-chang-trai-kinh-hai-tot-do-khi-thay-canh-tuong-chet-choc-am-anh-sau-do.html.json",
    "image_url": "http://i.tinvn.info/m/2017/03/ranblogtamsuvn2_01.jpg",
    "language": "vi",
    "localpath": null,
    "source_domain": "tinvn.info",
    "text": "Nhìn những xác chết ngửa cổ lên trời mà thanh niên chỉ muốn nôn ọe váng đầu vì quá sợ hãi.\nTrong một lần đến chơi nhà bạn, một chàng trai người Thái Lan đã suýt bỏ chạy mất dép khi thấy hàng trăm con rắn nằm la liệt trên sàn nhà.\nBan đầu, chàng trai tưởng rằng gia đình bạn mình đã “đắc tội” gì đó với loài rắn nên bị chúng kéo đến trả thù…\nBiết được nỗi sợ hãi và băn khoăn của chàng thanh niên, bạn của anh đã nhanh chóng giải thích rằng gia đình mình mới trở thành lò chuyên lột da rắn.\nHình ảnh xác rắn chất đống khiến nhiều người nổi da gà.\nCận cảnh thịt rắn sau khi kết thúc quá trình lột da.\nĐược biết nhu cầu tiêu thụ da rắn để làm phụ kiện da tại Thái Lan đang rất cao, chính vì vậy nhiều gia đình đã chuyển sang kinh doanh mặt hàng này để thu lời.\nMặc dù vậy, chính quyền địa phương cũng khuyến cáo người dân không nên khai thác quá mức tránh tình trạng mất cân bằng hệ sinh thái trong tương lai.",
    "title": "Tưởng cả trăm con rắn bò vào nhà trả thù, chàng trai kinh hãi tột độ khi thấy cảnh tượng chết chóc ám ảnh sau đó",
    "title_page": null,
    "title_rss": null,
    "url": "http://tinvn.info/tuong-ca-tram-con-ran-bo-vao-nha-tra-thu-chang-trai-kinh-hai-tot-do-khi-thay-canh-tuong-chet-choc-am-anh-sau-do.html"
}