{
    "authors": [],
    "date_download": "2018-12-14 22:23:08",
    "date_modify": null,
    "date_publish": "2017-04-25 19:27:53",
    "description": "Nếu thấy thứ này thò lên ngoài vườn nhà, đừng chạm vào mà hãy chạy nhanh khi còn có thể Trên đời này, có quá nhiều câu chuyện kỳ lạ và những loài sinh vật nhìn muốn \"thót tim\" mà chúng ta chưa hề biết đến.   Trên thế giới có muôn vàn loài",
    "filename": "http%3A%2F%2Ftinvn.info%2Fneu-thay-thu-nay-tho-len-ngoai-vuon-nha-dung-cham-vao-ma-hay-chay-nhanh-khi-con-co-the.html.json",
    "image_url": "http://i.tinvn.info/m/2017/04/tay5-blogtamsuvn_01.jpg",
    "language": "vi",
    "localpath": null,
    "source_domain": "tinvn.info",
    "text": "Trên đời này, có quá nhiều câu chuyện kỳ lạ và những loài sinh vật nhìn muốn “thót tim” mà chúng ta chưa hề biết đến.\nTrên thế giới có muôn vàn loài động thực vật có ngoại hình kỳ lạ, thậm chí là kinh dị. Tuy nhiên, dù từng nhìn qua nhiều loài sinh vật đáng sợ, chắc chắn có người sẽ phát hoảng khi thấy loài thực vật trông giống như một bàn tay quái thai máu me bê bết. Nhưng đừng vội hoảng sợ, bởi thực tế đây chỉ là một loài nấm, có tên gọi là nấm ngón tay quỷ (Clathrus archeri).\nLoài nấm này được “bọc” trong một lớp vỏ.\nSau đó, nó sẽ chọc thủng lớp vỏ đó mà chui lên.\nBởi có ngoại hình kinh dị giống bàn tay người, nên loài nấm này có tên nấm ngón tay quỷ (Clathrus archeri).\nLoài này thường mọc ở vùng đất ẩm, cao 10cm và rộng 20cm.\nMặc dù không phải là nấm độc nhưng mùi của nó hết sức hôi thối. Mục đích của chúng là dùng thứ mùi kinh dị đó để thu hút ruồi, nhặng, giúp chúng phân tán bào tử",
    "title": "Nếu thấy thứ này thò lên ngoài vườn nhà, đừng chạm vào mà hãy chạy nhanh khi còn có thể",
    "title_page": null,
    "title_rss": null,
    "url": "http://tinvn.info/neu-thay-thu-nay-tho-len-ngoai-vuon-nha-dung-cham-vao-ma-hay-chay-nhanh-khi-con-co-the.html"
}