{
    "authors": [],
    "date_download": "2022-04-29 01:45:41",
    "date_modify": null,
    "date_publish": "2019-08-09 00:00:00",
    "description": "Một cô gái trẻ đi taxi, lúc thanh toán mới giật mình phát hiện ra mình đã quên mang tiền.",
    "filename": "https%3A%2F%2Fdanviet.vn%2Fgai-tre-di-taxi-tra-tien-bang-quan-chip-77771003978.htm.json",
    "image_url": "https://danviet.mediacdn.vn/upload/3-2019/images/2019-08-09/156531900376491-thumbnail.jpg",
    "language": "vi",
    "localpath": null,
    "maintext": "Gái trẻ đi taxi trả tiền bằng... quần chip\nMột cô gái trẻ đi taxi, lúc thanh toán, số tiền gần tới 300k thì cô mới giật mình phát hiện ra mình đã quên mang tiền.\nVô cùng bối rối, cô gái nhìn anh taxi chẳng biết làm sao. Anh chàng taxi bèn nháy mắt cười nói:\n- Không đem tiền thật à? Thôi được, giờ giải quyết như thế này; em cứ cởi quần chip ra!\n- Ôi, vậy thì thiệt thòi cho anh quá! – Cô gái nói\n- Không thiệt gì cả, có khi anh còn phải trả em thêm tiền ấy chứ!\n- Không, em nói thật mà, vì cái quần lót này em mua ngoài chợ có hai chục ngàn...\nKhi bạn cũ vay tiền\nHai anh chàng bạn cũ tình cờ gặp nhau ở một nơi xa. Một anh ghé tai anh còn lại hỏi nhỏ:\n- Cậu có thể cho tớ vay 500 ngàn được không?\n- Xin lỗi nhé, cậu nói gì tớ không nghe được vì tai này bị điếc!\nAnh vay tiền bèn quay sang tai bên kia nói to:\n- Cho tớ vay 5 triệu!\n- Cái gì cơ, vẫn chưa nghe rõ, thôi cậu nói lại vào bên phía tai 500 ngàn này đi!",
    "source_domain": "danviet.vn",
    "title": "Gái trẻ đi taxi trả tiền bằng... quần chip",
    "title_page": null,
    "title_rss": null,
    "url": "https://danviet.vn/gai-tre-di-taxi-tra-tien-bang-quan-chip-77771003978.htm"
}