{
    "authors": [],
    "date_download": "2018-12-14 22:22:55",
    "date_modify": null,
    "date_publish": "2017-04-22 15:49:16",
    "description": "Dốc ống điều hòa, rụng tim vì thấy sinh vật bằng cổ tay dài cả mét này trườn ra Sinh vật bằng cổ tay này chính là một loài hà đục gỗ cổ đại còn sót lại trên trái đất. Ban đầu nhìn chiếc vỏ trắng trắng kia, ai cũng nghĩ là ống điều hòa",
    "filename": "http%3A%2F%2Ftinvn.info%2Fdoc-ong-dieu-hoa-rung-tim-vi-thay-sinh-vat-bang-co-tay-dai-ca-met-nay-truon-ra.html.json",
    "image_url": "http://i.tinvn.info/m/2017/04/anh-hot-blogtamsu-614_01.jpg",
    "language": "vi",
    "localpath": null,
    "source_domain": "tinvn.info",
    "text": "Sinh vật bằng cổ tay này chính là một loài hà đục gỗ cổ đại còn sót lại trên trái đất.\nBan đầu nhìn chiếc vỏ trắng trắng kia, ai cũng nghĩ là ống điều hòa nhưng thực chất nó làm bằng gỗ, có hình dạng giống một cái ngà voi. Bên trong chiếc ngà voi đó là loài nhuyễn thể cổ đại khổng lồ còn sống trên trái đất\nCá thể còn sống đầu tiên của một loài động vật thân mềm cổ xưa vừa được phát hiện ở Philippines, trang New Siencetist đưa tin\nTuy trông giống một con giun khổng lồ, thực chất con vật cổ xưa này lại một con hà đục gỗ, với tên khoa học là Kuphus polythalamia, thuộc lớp vỏ hai mảnh nhuyễn thể\nPet cưng của nhà tôi\nNăm nay tôi 27 tuổi rồi\nHai cụ tổ của Ninja đang sải bước trên đường vắng\nVâng, anh chất lừ!\nKhi bạn cứ tưởng người yêu cũ đang nhớ mình\nChạm tay nhau một giây thôi là nhớ nhau cả đời\nChân chưa với tới mặt đất nhưng đừng coi thường, ai là soái ca đấy\nMột mình cân 2 em người yêu đi mua điện thoại hịn luôn đấy\nAnh là phượt thủ chân chính\nChỉ là thích ăn hạt tiêu thôi mà",
    "title": "Dốc ống điều hòa, rụng tim vì thấy sinh vật bằng cổ tay dài cả mét này trườn ra",
    "title_page": null,
    "title_rss": null,
    "url": "http://tinvn.info/doc-ong-dieu-hoa-rung-tim-vi-thay-sinh-vat-bang-co-tay-dai-ca-met-nay-truon-ra.html"
}