{
    "authors": [],
    "date_download": "2018-09-08 16:39:30",
    "date_modify": null,
    "date_publish": "2018-09-06 15:07:54",
    "description": null,
    "filename": "http%3A%2F%2Ftintucqpvn.net%2Fchoang-co-truong-deo-khan-quang-quay-banh-noc-tren-san-khau-truong.html.json",
    "image_url": ["http://tintucqpvn.net/wp-content/uploads/2018/09/xxxxxx-18.png",
        "http://tintucqpvn.net/wp-content/uploads/2018/09/l11-1449.jpg",
        "http://tintucqpvn.net/wp-content/uploads/2018/09/ll8-1451.jpg",
        "http://tintucqpvn.net/wp-content/uploads/2018/09/ll10-1452.jpg",
        "http://tintucqpvn.net/wp-content/uploads/2018/09/ll4-1454.jpg",
        "http://tintucqpvn.net/wp-content/uploads/2018/09/ll5-1456.jpg"
    ],
    "movies": ["http://thaotruong.info/wp-content/uploads/2018/09/10000000_654377558276852_3828459476000702464_n.mp4?_=1"],
    "language": "en",
    "localpath": null,
    "source_domain": "tintucqpvn.net",
    "text": "Xót xa hình ảnh thầy trò lội bùn băng rừng đến trường ở Nghệ An\nSau lũ, nhiều học sinh vùng cao và giáo viên ở Nghệ An phải đối mặt với thiếu thốn vì giao thông bị chia cắt, cơ sở vật chất bị lũ cuốn trôi.\nDưới đây là một số hình ảnh học sinh và giáo viên ở Nghệ An lội bùn băng rừng đến trường:\nXã biên giới Mường Típ, Mường Ải, huyện miền núi Kỳ Sơn, Nghệ An là một trong những nơi đã bị lũ dữ ập đến. Nhiều đoạn đường, bị hàng ngàn khối đất đá sạt lở tràn lấp khiến nơi đây bị cô lập.\nNhiều em học sinh phải lội bùn, băng rừng để đến trường trong hoàn cảnh khó khăn.\nThầy Nguyễn Công Danh, Hiệu trưởng Trường Phổ thông dân tộc bán trú THCS Nập Típ (huyện Kỳ Sơn) cho biết, đến thời điểm hiện tại, các giáo viên của trường mới chỉ vận động được 184/387 học sinh THCS đến trường học và 180/197 học sinh ở bậc tiểu học đến trường học trở lại.\nĐể đến trường với đoạn đường chưa đến 2km, nhiều em học sinh nơi đây phải trầy trựợt suốt hơn 2 giờ đồng hồ.\nCác học sinh và giáo viên ở những nơi lũ đi qua, rất cần được sự giúp đỡ để vượt qua khó khăn này.\nNguồn: https://giadinhvietnam.com/xot-xa-hinh-anh-thay-tro-loi-bun-bang-rung-den-truong-o-nghe-an-d132732.html",
    "title": "Choáng! Cơ trưởng đeo khăn quàng quẩy banh nóc trên sân khấu trường!!!",
    "title_page": null,
    "title_rss": null,
    "url": "http://tintucqpvn.net/choang-co-truong-deo-khan-quang-quay-banh-noc-tren-san-khau-truong.html"
}