{
    "authors": [],
    "date_download": "2018-12-14 22:23:03",
    "date_modify": null,
    "date_publish": "2016-12-04 19:46:19",
    "description": "Cứ tưởng đào được trứng khủng long, người đàn ông tách đôi mới câm nín vì bên trong thực ra là… Không ai có thể ngờ được rằng bên trong những quả trứng khủng long này lại là thứ kinh dị đến vậy! Một người nông dân Trung Quốc khi lên rừng tìm những cây",
    "filename": "http%3A%2F%2Ftinvn.info%2Fcu-tuong-dao-duoc-trung-khung-long-nguoi-dan-ong-tach-doi-moi-cam-nin-vi-ben-trong-thuc-ra-la.html.json",
    "image_url": "http://i.tinvn.info/m/2016/12/110_01.jpg",
    "language": "vi",
    "localpath": null,
    "source_domain": "tinvn.info",
    "text": "Không ai có thể ngờ được rằng bên trong những quả trứng khủng long này lại là thứ kinh dị đến vậy!\nMột người nông dân Trung Quốc khi lên rừng tìm những cây thuốc quý đã vô tình đào đất và phát hiện ra một cái hang.\nBên trong hang là những vật thể hình tròn\nNgười đàn ông rất mừng rỡ vì nghĩ là mình đã đào được trứng của một loài sinh vật quý hiếm nào đó.\nKhông chần chừ thêm, người đàn ông đã nhẹ nhàng tách thử “quả trứng” và đã không khỏi bất ngờ khi thứ bên trong hóa ra lại là những ấu trùng có kích thước tương đối lớn.\nChụp lại một vài bức ảnh rồi mang đi hỏi, người đàn ông chỉ nhận được câu trả lời chung chung là một loại ấu trùng lạ sống ở rừng. Thật may mắn là ông đã không mất công mang về hay đem đi bán những thứ kinh dị này.",
    "title": "Cứ tưởng đào được trứng khủng long, người đàn ông tách đôi mới câm nín vì bên trong thực ra là…",
    "title_page": null,
    "title_rss": null,
    "url": "http://tinvn.info/cu-tuong-dao-duoc-trung-khung-long-nguoi-dan-ong-tach-doi-moi-cam-nin-vi-ben-trong-thuc-ra-la.html"
}