{
    "authors": [
        "Cùng Tác Giả",
        "Nguyễn Thiện"
    ],
    "date_download": "2018-09-25 23:13:10",
    "date_modify": null,
    "date_publish": "2018-06-29 22:40:23",
    "description": "Sáng 19/6, Thủ tướng Nhật Bản Shinzo Abe công khai gửi lời xin lỗi tới Nhật hoàng và toàn bộ người dân vì tinh thần thi đấu phi thể thao của đội tuyển...",
    "filename": "https%3A%2F%2Fwww.ipick.vn%2Fbai-viet%2Fthu-tuong-nhat-cui-dau-xin-loi-vi-tinh-than-phi-the-thao-cua-doi-bong.json",
    "image_url": ["https://static.ipick.vn/images/posts/images/9a09ca4da679665a3fcd06e709b5b022/thu-tuong-nhat-cui-dau-xin-loi-vi-tinh-than-phi-the-thao-cua-doi-bong_gjswr5_600x400.png",
            "https://static.ipick.vn/images/posts/atribute-post-images/9a09ca4da679665a3fcd06e709b5b022/5b3652e7af0a8072f27cb5c3/image-7hwi9D.png",
            "https://static.ipick.vn/images/posts/atribute-post-images/9a09ca4da679665a3fcd06e709b5b022/5b3652e7af0a8072f27cb5c3/image-gtxvOb.png"
    ],
    "movies": null,
    "language": "vi",
    "localpath": null,
    "source_domain": "www.ipick.vn",
    "text": "Sáng 19/6, Thủ tướng Nhật Bản Shinzo Abe công khai gửi lời xin lỗi tới Nhật hoàng và toàn bộ người dân vì tinh thần thi đấu phi thể thao của đội tuyển Nhật tại World Cup 2018.\n\"Với tinh thần của những võ sĩ đạo Samurai, nhưng đội tuyển Nhật Bản đã có những hành động thiếu tinh thần thượng võ trong thi đấu tại World Cup, để lại nhiều chỉ trích và bất bình cho toàn dân, làm mất hình ảnh kiên cường của người dân Nhật Bản trên đấu trường quốc tế. Là người đứng đầu, tôi xin thành thật nhận trách nhiệm và gửi lời xin lỗi sâu sắc tới nhân dân\", ông Abe cúi đầu nhận trách nhiệm về mình.\nTôi cảm phục hành động này của Thủ tướng Nhật. Ông ấy ý thức rất cao về hình ảnh, danh dự quốc gia!\nNước Nhật được thế giới tôn trọng, kính nể không phải vì nước này là cường quốc kinh tế mà chính là cường quốc về lòng tự trọng!",
    "title": "Thủ tướng Nhật cúi đầu xin lỗi vì tinh thần phi thể thao của đội bóng",
    "title_page": null,
    "title_rss": null,
    "url": "https://www.ipick.vn/bai-viet/thu-tuong-nhat-cui-dau-xin-loi-vi-tinh-than-phi-the-thao-cua-doi-bong"
}