{
    "authors": [],
    "date_download": "2022-05-30 01:24:01",
    "date_modify": null,
    "date_publish": "2020-03-24 02:00:31",
    "description": "Hoài thai 9 tháng 10 ngày, con đau một, mẹ xót mười. Mỗi bước thành công hay thất bại đều có bóng dáng mẹ bên cạnh. Không chỉ là tình mẫu tử thiêng...",
    "filename": "https%3A%2F%2Fwww.webtretho.com%2Ff%2Fme-hong-chuyen%2Fme-va-con-gai-moi-dich-thuc-la-tinh-nhan-nhieu-kiep.json",
    "image_url": "https://www.webtretho.com/static/img/logo-default.png",
    "language": "vi",
    "localpath": null,
    "maintext": "Hoài thai 9 tháng 10 ngày, con đau một, mẹ xót mười. Mỗi bước thành công hay thất bại đều có bóng dáng mẹ bên cạnh. Không chỉ là tình mẫu tử thiêng liêng, con là người bạn, là tri kỉ đồng hành cùng mẹ trong những bước thăng trầm của cuộc đời. Dù muốn hay không, mối quan hệ này không thể và mãi mãi không bao giờ bị cắt đứt bởi một lý do gì.\nTình yêu của người mẹ là tài sản lớn nhất của một cô gái. Người mẹ là người nắm giữ bí mật hạnh phúc của con, họ chính là kiến trúc sư kiến tạo một công trình vĩ đại nhất: tương lai con gái họ.\nKhông ai sinh ra trong cuộc đời có quyền chọn lựa cha mẹ, mỗi người mẹ là một thiên sứ ông trời mang đến cho chúng ta.\nMối quan hệ giữa mẹ và con gái, có những thứ nhiều hơn cả tình mẹ con. Là 2 người phụ nữ duy nhất không bao giờ đố kỵ, không ganh đua nhau. Họ thương nhau đến vô cùng tận, dù thế gian này có biến đổi ra sao.\nMẹ luôn là người thầy, dìu dắt con gái trên đường đời, bằng chính kinh nghiệm sống, bằng những sóng gió mẹ đã trải qua.",
    "source_domain": "www.webtretho.com",
    "title": "Mẹ và con gái mới đích thực là tình nhân nhiều kiếp",
    "title_page": null,
    "title_rss": null,
    "url": "https://www.webtretho.com/f/me-hong-chuyen/me-va-con-gai-moi-dich-thuc-la-tinh-nhan-nhieu-kiep"
}