{
    "authors": [
        "Thời Sự"
    ],
    "date_download": "2022-04-12 08:04:09",
    "date_modify": null,
    "date_publish": "2021-06-15 10:41:39",
    "description": null,
    "filename": "https%3A%2F%2Fshopjaxvinhphuc.vn%2F2021%2F06%2F15%2Fmc-lai-van-sam-dot-ngot-qua-doi-o-tuoi-64-va-su-that-chan-dong%2F.json",
    "image_url": "https://i.ytimg.com/vi/vDpJVxZm8Ig/maxresdefault.jpg",
    "language": "vi",
    "localpath": null,
    "maintext": "MC Lại Văn Sâm đột ngột qua đời ở tuổi 64 và sự thật chấn động?\nThời Sự 24h cập nhật những thông tin hay và hữu ích, những câu chuyện hay xung quanh cuộc sống của chúng ta\nKênh Thời Sự 24h không sở hữu tất cả tư liệu được sử dụng trong Video này. Mọi thắc mắc về bản quyền, tài trợ, quảng cáo, cộng tác vui lòng liên hệ Email: thoisu.sgg247@yahoo.com\nCảm ơn sự thấu hiểu của bạn và chúng tôi mong được hợp tác để cùng nhau phát triển\nhttps://shopjaxvinhphuc.vn/",
    "source_domain": "shopjaxvinhphuc.vn",
    "title": "MC Lại Văn Sâm đột ngột qua đời ở tuổi 64 và sự thật chấn động?",
    "title_page": null,
    "title_rss": null,
    "url": "https://shopjaxvinhphuc.vn/2021/06/15/mc-lai-van-sam-dot-ngot-qua-doi-o-tuoi-64-va-su-that-chan-dong/"
}