{
    "authors": [],
    "date_download": "2018-12-05 16:24:21",
    "date_modify": null,
    "date_publish": "2017-01-17 13:08:32",
    "description": "Tưởng ổ trứng gà mang về ấp thành con, thanh niên ngay lập tức chuyển nhà chỉ sau 2 tuần Chỉ sau 2 tuần, ổ trứng lạ nở khiến chủ nhà tái xanh mặt khi biết \"danh tính\" của con vật. Một lần phiêu lưu ở ngoại ô, người đàn ông bất ngờ bắt gặp ổ trứ",
    "filename": "http%3A%2F%2Ftinvn.info%2Ftuong-o-trung-ga-mang-ve-ap-thanh-con-thanh-nien-ngay-lap-tuc-chuyen-nha-chi-sau-2-tuan.html.json",
    "image_url": "http://i.tinvn.info/m/2017/01/trung1-blogtamsuvn2_01.jpg",
    "language": "vi",
    "localpath": null,
    "source_domain": "tinvn.info",
    "text": "Chỉ sau 2 tuần, ổ trứng lạ nở khiến chủ nhà tái xanh mặt khi biết “danh tính” của con vật.\nMột lần phiêu lưu ở ngoại ô, người đàn ông bất ngờ bắt gặp ổ trứng lạ. Quá tò mò và háo hức, ông quyết định mang về để theo dõi xem chuyện gì sẽ xảy ra.\nSau vài tuần, ổ trứng bắt đầu nở. Người đàn ông thảng thốt không tin nổi vào mắt mình khi chứng kiến cảnh tượng hãi hùng trước mắt.\nNhững con rắn màu sắc kỳ lạ, cả người và mắt đều có màu cam. Đặc biệt, những con rắn này đều có 2 đầu kinh dị.\nNgười đàn ông cảm thấy vô cùng hối hận về quyết định của mình. Lúc đầu, ông cứ ngỡ mấy con rắn nở ra trước bị khuyết tật nên mới có hai đầu.\nNhưng khi ổ trứng nở hết, con nào cũng có 2 đầu, ông mới tá hỏa phát hiện, thì ra đây là đặc điểm của loài rắn này.",
    "title": "Tưởng ổ trứng gà mang về ấp thành con, thanh niên ngay lập tức chuyển nhà chỉ sau 2 tuần",
    "title_page": null,
    "title_rss": null,
    "url": "http://tinvn.info/tuong-o-trung-ga-mang-ve-ap-thanh-con-thanh-nien-ngay-lap-tuc-chuyen-nha-chi-sau-2-tuan.html"
}