{
    "authors": [],
    "date_download": "2018-12-05 16:23:57",
    "date_modify": null,
    "date_publish": "2017-02-14 20:41:31",
    "description": "Đứng bán nem chua rán, gái xinh khiến dân mạng tá hỏa vì “dụng cụ nguy hiểm” đặt ngay dưới vòng 1 Thanh niên đằng sau thấy rồi mà không ra cứu người ta đi mà đứng đó làm gì?   Hóa ra “dụng cụ nguy hiểm” dưới vòng 1 căng đầy của hot girl ném chua rá",
    "filename": "http%3A%2F%2Ftinvn.info%2Fdung-ban-nem-chua-ran-gai-xinh-khien-dan-mang-ta-hoa-vi-dung-cu-nguy-hiem-dat-ngay-duoi-vong-1.html.json",
    "image_url": "http://i.tinvn.info/m/2017/02/hotblogtamsuvn22.jpg",
    "language": "vi",
    "localpath": null,
    "source_domain": "tinvn.info",
    "text": "Thanh niên đằng sau thấy rồi mà không ra cứu người ta đi mà đứng đó làm gì?\nHóa ra “dụng cụ nguy hiểm” dưới vòng 1 căng đầy của hot girl ném chua rán chính là chiếc kéo nhọn, nếu không cẩn thận sẽ có thể gây thương tích.\nThanh niên số nhọ nhất ngày hôm nay!\nLẩu băng chuyền Made in Việt Nam.\nCó người chồng tâm lý thế này cần gì tặng quà các chế nhỉ!\nÁo đôi hot nhất mùa “Vang-lung-tung”.\nTối nay thánh nào lập đàn cầu mưa điểm danh.\nXem thêm: Không phải iPhone hay hàng hiệu, đây mới là những món quà “Va-lung-tung” độc nhất vô nhị của các thánh troll Việt Nam\nKhông chê anh nghèo lên xe anh đèo!\nEm cắt “quả” đầu này xong “gấu chó” đòi chia tay luôn các bác ạ!\nVì một lễ Tình nhân không cô đơn!\nSen ơi Boss tặng Sen trái tim này!!!\nĐỉnh cao thuật phân thân ngày Tình nhân là đây!",
    "title": "Đứng bán nem chua rán, gái xinh khiến dân mạng tá hỏa vì “dụng cụ nguy hiểm” đặt ngay dưới vòng 1",
    "title_page": null,
    "title_rss": null,
    "url": "http://tinvn.info/dung-ban-nem-chua-ran-gai-xinh-khien-dan-mang-ta-hoa-vi-dung-cu-nguy-hiem-dat-ngay-duoi-vong-1.html"
}