{
    "authors": [],
    "date_download": "2022-05-14 00:11:42",
    "date_modify": null,
    "date_publish": "2016-09-14 00:00:00",
    "description": "(HNMO) – Các nhà khoa học mới đây đã công bố một thí nghiệm mang tính đột phá, mở ra khả năng sinh con mà không cần sử dụng trứng.",
    "filename": "https%3A%2F%2Fhanoimoi.com.vn%2Fban-in%2FKhoa-hoc%2F848142%2Fhai-nguoi-dan-ong-cung-co-the-sinh-con-voi-nhau.json",
    "image_url": "http://hanoimoi.com.vn/Uploads/maichi/2016/9/14/_91176637_c0206627-sperm_and_ovum_artwork-spl.jpg",
    "language": "vi",
    "localpath": null,
    "maintext": null,
    "source_domain": "hanoimoi.com.vn",
    "title": "Hai người đàn ông cũng có thể sinh con với nhau",
    "title_page": null,
    "title_rss": null,
    "url": "https://hanoimoi.com.vn/ban-in/Khoa-hoc/848142/hai-nguoi-dan-ong-cung-co-the-sinh-con-voi-nhau"
}