{
    "authors": [],
    "date_download": "2018-12-05 16:24:25",
    "date_modify": null,
    "date_publish": "2017-03-18 20:35:00",
    "description": "Dụ em gái cosplay mới quen gửi ảnh trong bồn tắm, chàng trai sốc tận não khi nàng trút bỏ xiêm y Lúc cosplay thì rõ xinh xắn vậy mà lúc sau nàng lại biến thành một người hoàn toàn khác khiến thanh niên chỉ còn biết câm nín khô lời.   Mê mẩn thiếu",
    "filename": "http%3A%2F%2Ftinvn.info%2Fdu-em-gai-cosplay-moi-quen-gui-anh-trong-bon-tam-chang-trai-soc-tan-nao-khi-nang-trut-bo-xiem-y.html.json",
    "image_url": "http://i.tinvn.info/m/2017/03/cosblogtamsuvn2.jpg",
    "language": "vi",
    "localpath": null,
    "source_domain": "tinvn.info",
    "text": "Lúc cosplay thì rõ xinh xắn vậy mà lúc sau nàng lại biến thành một người hoàn toàn khác khiến thanh niên chỉ còn biết câm nín khô lời.\nMê mẩn thiếu nữ cosplay dễ thương, anh chàng xin số làm quen…\n…để rồi nhận cái kết đắng khi nhìn thấy bức ảnh sau khi tắm gội của “nàng”.\nCó ai thích con gái tóc dài không?\nChiếc túi “Hơi-mệt” gây xôn xao cộng đồng mạng những ngày qua.\nÔng bố nhọ nhất năm đây rồi!\nThanh niên yêu thích màu “hường” mơ mộng giữa phố.\nAnh em giải thích xem cái vòi xuất hiện trong thiết kế quần “chip” này để làm gì vậy?\nNhà em không có gì ngoài điều kiện các bác ạ!\nChỉ là một bức tranh để troll nhau thôi mà.\nXem thêm: Xoắn quẩy vì soái ca sơ mi trắng, triệu thiếu nữ vỡ tim khi nhìn xuống phát hiện điểm xấu hổ ngay ‘hạ bộ’ của chàng\nNhà sách ế ẩm, nhân viên nghĩ ra trò chơi thú vị này đây.\nHôm nay hơi vội nên ông già Noel xỏ nhầm giày của vợ!",
    "title": "Dụ em gái cosplay mới quen gửi ảnh trong bồn tắm, chàng trai sốc tận não khi nàng trút bỏ xiêm y",
    "title_page": null,
    "title_rss": null,
    "url": "http://tinvn.info/du-em-gai-cosplay-moi-quen-gui-anh-trong-bon-tam-chang-trai-soc-tan-nao-khi-nang-trut-bo-xiem-y.html"
}