{
    "authors": [
        "Tuoi Tre Online"
    ],
    "date_download": "2018-12-14 22:39:24",
    "date_modify": null,
    "date_publish": "2018-11-03 00:00:00",
    "description": "TTO - Đêm 2-11, tay vợt người Thụy Sĩ Roger Federer đã đánh bại tay vợt người Nhật Bản, Kei Nishikori 2-0 (6-4, 6-4) để đoạt vé vào bán kết Giải quần vợt Paris Masters. Đối thủ của Federer ở bán kết là tay vợt số 1 thế giới Novak Djokovic.",
    "filename": "https%3A%2F%2Fthethao.tuoitre.vn%2Ffederer-dung-dokovic-o-ban-ket-giai-quan-vot-paris-masters-20181103062334363.htm.json",
    "image_url": "https://cdn.tuoitre.vn/zoom/1200_630/2018/11/3/photo1541200825210-15412008252101807579540.jpg",
    "language": "vi",
    "localpath": null,
    "source_domain": "thethao.tuoitre.vn",
    "text": "Federer ăn mừng chiến thắng trước Nishikori - Ảnh: REUTERS\nTrận này, Nishikori đã thi đấu rất nỗ lực nhưng vẫn không thể tạo nên bất ngờ trước Federer - tay vợt có phong độ ổn định và đang tìm danh hiệu thứ 100 trong sự nghiệp.\nBước ngoặt của ván 1 diễn ra ở bàn thứ 9 khi Nishikori liên tục mắc lỗi đánh bóng hỏng khi cầm giao bóng, tạo cơ hội cho Federer bẻ break, vươn lên dẫn 5-4 rồi thắng luôn ván này với tỉ số 6-4 sau 40 phút.\nSang ván 2, khó khăn tiếp tục đến với Nishikori khi anh mất break ngay ở bàn đầu tiên, tạo cơ hội cho Federer vươn lên dẫn 2-0. Tay vợt người Thụy Sĩ sau đó giữ vững lợi thế này để thắng tiếp ván 2 với tỉ số 6-4, khép lại trận đấu sau một giờ 20 phút.\nĐối thủ của Federer ở bán kết là tay vợt số 1 thế giới Novak Djokovic (Serbia). Ở trận đấu diễn ra trước đó, Djokovic đã lội ngược dòng đánh bại tay vợt người Croatia, Marin Cilic 2-1 (4-6, 6-2, 6-3) sau khi để thua ở ván đầu.",
    "title": "Federer đụng Djokovic ở bán kết Giải quần vợt Paris Masters",
    "title_page": null,
    "title_rss": null,
    "url": "https://thethao.tuoitre.vn/federer-dung-dokovic-o-ban-ket-giai-quan-vot-paris-masters-20181103062334363.htm"
}