{
    "authors": [
        "Nguyễn Tiến"
    ],
    "date_download": "2018-12-14 21:13:52",
    "date_modify": null,
    "date_publish": "2018-12-04 14:42:00",
    "description": "Chủ đầu tư BOT An Sương - An Lạc vừa có văn bản báo cáo về sự cố xảy ra tại trạm thu phí này vào chiều 3.12",
    "filename": "https%3A%2F%2Fthanhnien.vn%2Fthoi-su%2Fchu-dau-tu-noi-gi-ve-chuyen-bot-an-suong-an-lac-thu-phi-qua-han-1029810.html.json",
    "image_url": "https://image.thanhnien.vn/500/uploaded/mitiennt/2018_12_04/img-4027_jexw.jpg",
    "language": "vi",
    "localpath": null,
    "source_domain": "thanhnien.vn",
    "text": "Vụ BOT An Sương - An Lạc “thu phí quá hạn”: Chủ đầu tư nói tài xế hiểu lầm! Ngày 4.12, ông Nguyễn Hồng Ninh, Giám đốc Công ty Cổ phần Đầu tư phát triển hạ tầng IDICO (IDICO, đơn vị chủ đầu tư), cho biết đã gởi văn bản báo cáo đến UBND TP.HCM về sự cố xảy ra tại Trạm thu phí BOT An Sương - An Lạc (QL 1, Q.Bình Tân, TP.HCM).\nTheo báo cáo, vào chiều ngày 3.12, có 6 phương tiện dừng tại làn thu phí. Người điều khiển phương tiện không đồng ý mua vé, không chịu qua trạm, mặc dù nhân viên BOT An Sương - An Lạc mở barie yêu cầu xe qua.\nSự cố này xảy ra vào khoảng từ 17 giờ đến 18 giờ ngày 3.12. Các tài xế cho rằng BOT An Sương - An Lạc đã \"quá thời hạn thu phí 31 tháng\" và yêu cầu chủ đầu tư phải bỏ trạm thu phí.\n\"Do đây là giờ cao điểm lưu lượng xe qua trạm đông, công ty buộc phải xả trạm để đảm bảo an ninh trật tự tại trạm\", ông Ninh cho biết thêm.\nTheo văn bản báo cáo, sự cố này kéo dài đến 23 giờ cùng ngày (3.12) mới chấm dứt.",
    "title": "Chủ đầu tư nói gì về chuyện BOT An Sương - An Lạc 'thu phí quá hạn' ?",
    "title_page": null,
    "title_rss": null,
    "url": "https://thanhnien.vn/thoi-su/chu-dau-tu-noi-gi-ve-chuyen-bot-an-suong-an-lac-thu-phi-qua-han-1029810.html"
}