{
    "authors": [],
    "date_download": "2018-12-14 21:13:08",
    "date_modify": null,
    "date_publish": "2018-09-29 00:00:00",
    "description": "Cây thông dài hàng chục mét bất ngờ bật gốc đổ chắn ngang đường đèo Prenn (TP Đà Lạt) khiến dòng xe bị ùn tắc kéo dài nhiều km. - VnExpress",
    "filename": "https%3A%2F%2Fvnexpress.net%2Ftin-tuc%2Fthoi-su%2Fthong-nga-tren-deo-prenn-giao-thong-tac-nghen-2-gio-3816674.html.json",
    "image_url": "https://i-vnexpress.vnecdn.net/2018/09/29/catcay-1538171071-1156-1538172123_500x300.jpg",
    "language": "vi",
    "localpath": null,
    "source_domain": "vnexpress.net",
    "text": "Cây thông chắn ngang đường. Ảnh: Duy Khôi.\n21h ngày 28/9, sau cơn mưa lớn, cây thông 20 năm tuổi trên đèo Prenn (Đà Lạt, Lâm Đồng), đoạn cách thác Datanla khoảng một km, bất ngờ bật gốc ngã ngang đường.\nRất may lúc đó đường vắng nên không có ai bị thương. Tuy nhiên, cây thông dài hàng chục mét nằm chắn ngang đường khiến giao thông qua đây bị tắc nghẽn hàng cây số.\nLực lượng CSGT Công an TP Đà Lạt đã chốt chặt khu vực đầu và dưới chân đèo để hướng dẫn các xe chạy theo hướng đường đèo Mimosa.\nHơn 2 giờ sau, công nhân Công trình đô thị Đà Lạt có mặt cắt cây, dọn hiện trường, giải tỏa ùn tắc.\nCông nhân công trình đô thị Đà Lạt cắt cây, dọn hiện trường. Ảnh: Duy Khôi.\nCơn mưa lớn chiều cùng ngày cũng làm bốn cây thông tại khu vực đèo Tà Nung và trên đường Đống Đa (phường 3, TP Đà Lạt) bật gốc.\nĐèo Prenn dài 11 km, nằm cách trung tâm Đà Lạt khoảng 10 km dẫn từ sân bay Liên Khương vào thành phố. Tên Prenn phát sinh do đèo uốn lượn qua thác Prenn. Đường đèo dù không dài nhưng đông xe và là cửa ngõ chính để vào TP Đà Lạt.\nDuy Khôi",
    "title": "Thông ngã trên đèo Prenn, giao thông tắc nghẽn 2 giờ",
    "title_page": null,
    "title_rss": null,
    "url": "https://vnexpress.net/tin-tuc/thoi-su/thong-nga-tren-deo-prenn-giao-thong-tac-nghen-2-gio-3816674.html"
}