{
    "authors": [],
    "date_download": "2018-12-14 22:28:27",
    "date_modify": null,
    "date_publish": "2018-06-22 00:00:00",
    "description": "Ngôi sao của đội tuyển Brazil lái những siêu xe như Ferrari 458 Spider hay Maserati MC12, đồng thời sở hữu máy bay riêng giá 8 triệu USD. - VnExpress",
    "filename": "https%3A%2F%2Fvnexpress.net%2Fphoto%2Foto-xe-may%2Fbo-suu-tap-xe-tri-gia-13-trieu-usd-cua-neymar-3767355.html.json",
    "image_url": "https://i-vnexpress.vnecdn.net/2018/06/22/bo-suu-tap-xe-tri-gia-13-trieu-usd-cua-neymar-1529664291_500x300.jpg",
    "language": "vi",
    "localpath": null,
    "source_domain": "vnexpress.net",
    "text": "Chiếc Porsche Panamera màu vàng từng khiến Neymar gặp rắc rối cách đây vài năm. Năm 2011, mẫu xe thể thao là món quà mà cầu thủ này được bố tặng khi ông thua cược với con trai về việc anh sẽ giành chiến thắng ở một giải trẻ tại châu lục. Panamera được một bên thứ ba nhập khẩu và bán cho Neymar và đến năm 2014, xe bị tịch thu do vi phạm luật nhập khẩu. Cầu thủ này được cho chỉ là nạn nhân của vụ việc. Ảnh từ video.",
    "title": "Bộ sưu tập xe trị giá 1,3 triệu USD của Neymar",
    "title_page": null,
    "title_rss": null,
    "url": "https://vnexpress.net/photo/oto-xe-may/bo-suu-tap-xe-tri-gia-13-trieu-usd-cua-neymar-3767355.html"
}