{
    "authors": [],
    "date_download": "2018-12-14 22:28:21",
    "date_modify": null,
    "date_publish": "2018-11-25 00:00:00",
    "description": "Hai ngày cuối tuần, hàng nghìn người đổ về các vườn hoa ven sông Hồng. - VnExpress",
    "filename": "https%3A%2F%2Fvnexpress.net%2Fphoto%2Fthoi-su%2Fnguoi-ha-noi-chen-chan-chup-anh-trong-vuon-cuc-hoa-mi-3844419.html.json",
    "image_url": "https://i-vnexpress.vnecdn.net/2018/11/25/8-1543122928_500x300.jpg",
    "language": "vi",
    "localpath": null,
    "source_domain": "vnexpress.net",
    "text": "12h trưa ngày cuối tuần, nhiều người không ngại nắng để tạo dáng chụp hình với cúc hoạ mi.\nỞ các vườn hoa đều có nơi dành cho người dân thay đồ, nhưng do lượng người ra vào quá đông, nhóm phụ nữ này chọn cách dùng áo mưa che chắn để thay đồ ngay tại vườn.",
    "title": "Người Hà Nội chen chân chụp ảnh trong vườn cúc hoạ mi",
    "title_page": null,
    "title_rss": null,
    "url": "https://vnexpress.net/photo/thoi-su/nguoi-ha-noi-chen-chan-chup-anh-trong-vuon-cuc-hoa-mi-3844419.html"
}