{
    "authors": [],
    "date_download": "2018-12-14 22:39:27",
    "date_modify": null,
    "date_publish": "2018-12-09 00:00:00",
    "description": "(Dân trí) - Khi đang chờ đổ xăng, xe máy của ông Sỹ bị đổ và vấp phải xe máy của anh Th. nên hai bên xích mích. Trong lúc xảy ra ẩu đả, ông Sỹ đã dùng dao đâm anh Th. tử vong.",
    "filename": "https%3A%2F%2Fdantri.com.vn%2Fphap-luat%2Fdung-dao-dam-chet-nguoi-vi-xich-mich-luc-do-xang-20181209202623487.htm.json",
    "image_url": "https://dantricdn.com/thumb_w/600/2018/12/9/2c180e21-7b8a-4d02-bfc5-090f85f90d85-15443608292871454982614.jpeg",
    "language": "vi",
    "localpath": null,
    "source_domain": "dantri.com.vn",
    "text": "Quảng Bình:\nNgày 9/12, tin từ Công an huyện Bố Trạch (Quảng Bình) cho biết vẫn đang tiếp tục điều tra, làm rõ vụ án mạng khiến một người tử vong vừa xảy ra tại địa bàn.\nSự việc nói trên xảy ra vào khoảng 9h30 ngày 8/12, tại cây xăng dầu thị trấn Hoàn Lão, huyện Bố Trạch. Thời điểm này, ông Hoàng Dũng Sỹ (SN 1959, trú huyện Bố Trạch) đến đổ xăng thì xe máy bị đổ và vấp phải xe máy của anh Nguyễn Đức Th. (SN 1987, trú thị trấn Hoàn Lão) làm cả 2 xe bị đổ xuống đất.\nẢnh minh hoạ.\nÔng Sỹ đã xin lỗi nhưng anh Th. không chấp nhận và lấy mũ bảo hiểm đang đội ném vào người ông Sỹ, sau đó tiếp tục dùng tay đánh vào mặt ông Sỹ. Thấy vậy, một vị khách đổ xăng khác đã đứng ra can ngăn, tuy nhiên người này bị anh Th. lao vào đánh.\nNgay sau đó, ông Sỹ đã dùng dao găm tiến đến đâm anh Th. trọng thương. Mặc dù đã được đưa đi cấp cứu nhưng do vết thương quá nặng, anh Th. đã tử vong tại bệnh viện.\nSự việc đang được cơ quan công an điều tra, làm rõ.\nĐặng Tài",
    "title": "Dùng dao đâm chết người vì xích mích lúc đổ xăng",
    "title_page": null,
    "title_rss": null,
    "url": "https://dantri.com.vn/phap-luat/dung-dao-dam-chet-nguoi-vi-xich-mich-luc-do-xang-20181209202623487.htm"
}