{
    "authors": [],
    "date_download": "2018-12-14 21:13:48",
    "date_modify": null,
    "date_publish": "2018-12-04 00:00:00",
    "description": "Ngay cả khi bị tài xế Nissan đánh, người lái xe Chevrolet vẫn tranh cãi, nhận phần đúng về mình.  - VnExpress",
    "filename": "https%3A%2F%2Fvnexpress.net%2Ftin-tuc%2Fcong-dong%2Fhai-tai-xe-danh-nhau-vi-gianh-duong-tai-nut-co-chai-ha-noi-3848712.html.json",
    "image_url": "https://i-vnexpress.vnecdn.net/2018/12/04/danhnhau-1543888716-1543888727-7339-4162-1543906321_500x300.jpg",
    "language": "vi",
    "localpath": null,
    "source_domain": "vnexpress.net",
    "text": "Ôtô 'chôn chân' vì bị chặn đầu bởi trăm xe máy đi ngược chiều ở Sài Gòn\nVideo ghi cảnh hai ôtô giành đường nhau trên phố Nguyễn Hữu Thọ (quận Hoàng Mai, Hà Nội) chiều 1/12. Ôtô Nissan vượt trái, đi sát chiếc Chevrolet. Hai tài xế ngồi trong xe, hạ kính cãi nhau. Khi chiếc Nissan vượt qua, người đàn ông lái chiếc Chevrolet chạy bộ đuổi theo để trách mắng. Tài xế Nissan sau đó xuống xe, cầm đèn pin đánh trả.\nTheo bạn, tình huống này ai đúng, ai sai?\nHai tài xế đánh nhau vì giành đường ở Hà Nội Video: Hoilaixe\nThịnh\nChia sẻ bài viết của bạn tại đây",
    "title": "Hai tài xế đánh nhau vì giành đường tại 'nút cổ chai' Hà Nội",
    "title_page": null,
    "title_rss": null,
    "url": "https://vnexpress.net/tin-tuc/cong-dong/hai-tai-xe-danh-nhau-vi-gianh-duong-tai-nut-co-chai-ha-noi-3848712.html"
}