{
    "authors": [
        "Video"
    ],
    "date_download": "2018-12-14 22:28:25",
    "date_modify": null,
    "date_publish": "2018-06-04 00:00:00",
    "description": "Nhiều người chạy xe lấn sang làn ngược chiều và bị tài xế ôtô cương quyết ép lùi vào phần đường của mình. - VnExpress",
    "filename": "https%3A%2F%2Fvnexpress.net%2Ftin-tuc%2Fcong-dong%2Fvideo%2Ftai-xe-ep-hang-loat-xe-may-oto-nhap-dung-lan-o-da-nang-3758654.html.json",
    "image_url": "https://i-vnexpress.vnecdn.net/2018/06/04/Sequence04Still181-1528091328-8597-1528091619_500x300.jpg",
    "language": "vi",
    "localpath": null,
    "source_domain": "vnexpress.net",
    "text": "Hai mẹ con suýt bỏ mạng khi đi xe máy sát ôtô tải\nTối 3/6, trong giờ cao điểm, trên đường Đống Đa (quận Hải Châu, Đà Nẵng) dòng người đi xe máy nối đuôi nhau đi ngược nhiều. Nhiều ôtô cũng chạy lấn sang làn đối diện để vượt lên. Những người này đã bị tài xế ôtô gắn camera hành trình ép lùi và nhập vào đúng phần đường của mình.\nTài xế ép hàng loạt xe máy, ôtô nhập đúng làn ở Đà Nẵng\nVideo: Đào Duy Kiệt\nChia sẻ video của bạn tại đây.",
    "title": "Tài xế ép hàng loạt xe máy, ôtô nhập đúng làn ở Đà Nẵng",
    "title_page": null,
    "title_rss": null,
    "url": "https://vnexpress.net/tin-tuc/cong-dong/video/tai-xe-ep-hang-loat-xe-may-oto-nhap-dung-lan-o-da-nang-3758654.html"
}