{
    "authors": [],
    "date_download": "2018-12-14 21:13:26",
    "date_modify": null,
    "date_publish": "2018-12-02 08:18:46",
    "description": "Ngày 1.12, UBND tỉnh An Giang cho biết đã ban hành quyết định về quản lý nuôi chim yến trên địa bàn tỉnh.",
    "filename": "https%3A%2F%2Fthanhnien.vn%2Fthoi-su%2Fan-giang-cam-su-dung-am-thanh-du-chim-yen-trong-dem-1029155.html.json",
    "image_url": "https://image.thanhnien.vn/500/uploaded/hoangnam/2018_12_02/nhayen_arql.jpg",
    "language": "vi",
    "localpath": null,
    "source_domain": "thanhnien.vn",
    "text": "Theo đó, các vùng không được phép xây dựng mới nhà nuôi chim yến gồm một số phường, xã thuộc TP.Châu Đốc, TP.Long Xuyên, TX.Tân Châu…\nCác tổ chức, cá nhân xây dựng nhà nuôi chim yến có quy mô diện tích từ 500 m2 sàn trở lên phải lập báo cáo đánh giá tác động môi trường trình Sở TN-MT phê duyệt; sử dụng âm thanh với các thiết bị hiện đại để dẫn dụ cường độ không vượt quá 70 dBA trong thời gian từ 6 - 21 giờ; không được sử dụng âm thanh dẫn dụ trong thời gian từ 21 giờ đến 6 giờ hôm sau.",
    "title": "An Giang cấm sử dụng âm thanh dụ chim yến trong đêm",
    "title_page": null,
    "title_rss": null,
    "url": "https://thanhnien.vn/thoi-su/an-giang-cam-su-dung-am-thanh-du-chim-yen-trong-dem-1029155.html"
}