{
    "authors": [],
    "date_download": "2018-12-14 22:28:15",
    "date_modify": null,
    "date_publish": "2018-12-06 09:20:07",
    "description": "Người đẹp Hàn Quốc dát hàng hiệu ở mọi cảnh quay trong phim \"Encounter\". - VnExpress Giải Trí",
    "filename": "https%3A%2F%2Fgiaitri.vnexpress.net%2Ftin-tuc%2Fthoi-trang%2Flang-mot%2Fve-xa-xi-cua-song-hye-kyo-khi-dong-quy-co-tram-anh-the-phiet-3849647.html.json",
    "image_url": "https://i-giaitri.vnecdn.net/2018/12/06/songu154406317184161544063175-8115-7475-1544063210_500x300.jpg",
    "language": "vi",
    "localpath": null,
    "source_domain": "giaitri.vnexpress.net",
    "text": "\"Encounter\" chiếu trên đài tvN từ 28/11, Hye Kyo vào vai con gái thị trưởng Seoul đồng thời quản lý một khách sạn lớn. Qua ba tập đã phát sóng, người đẹp sử dụng nhiều món đồ đắt tiền, trong đó có túi Hermès Kelly. Mỗi chiếc túi dòng Kelly có giá trên 10.000 USD (hơn 230 triệu đồng).",
    "title": "Vẻ xa xỉ của Song Hye Kyo khi đóng quý cô trâm anh thế phiệt",
    "title_page": null,
    "title_rss": null,
    "url": "https://giaitri.vnexpress.net/tin-tuc/thoi-trang/lang-mot/ve-xa-xi-cua-song-hye-kyo-khi-dong-quy-co-tram-anh-the-phiet-3849647.html"
}