{
    "authors": [],
    "date_download": "2018-12-14 22:29:21",
    "date_modify": null,
    "date_publish": "2018-09-26 00:00:00",
    "description": "Tài xế may mắn không bị thương dù chiếc xe sang tông dải phân cách ở quận Bình Thạnh, lật nhiều vòng, hư hỏng nặng. - VnExpress",
    "filename": "https%3A%2F%2Fvnexpress.net%2Ftin-tuc%2Fthoi-su%2Fgiao-thong%2Foto-mercedes-lat-nhieu-vong-tren-duong-sai-gon-3815162.html.json",
    "image_url": "https://i-vnexpress.vnecdn.net/2018/09/26/topmers-1537922231-6659-1537922451_500x300.jpg",
    "language": "vi",
    "localpath": null,
    "source_domain": "vnexpress.net",
    "text": "Hiện trường tai nạn. Ảnh: Tin Tin.\nRạng sáng 26/9, anh Châu (30 tuổi) lái ôtô Mercedes trên đường Điện Biên Phủ, hướng về cầu Sài Gòn. Đến đoạn thuộc phường 17, quận Bình Thạnh, xe bất ngờ tông dải phân cách rồi lật nhiều vòng. Tài xế Châu bò ra ngoài, rời khỏi hiện trường.\nTai nạn được cho là có liên quan đến xe container nhưng phương tiện này không hư hỏng, bỏ đi ngay sau đó.\nChiếc Mercedes hư hỏng nặng. Ảnh: Tin Tin.\nTại hiện trường, ôtô sang vỡ nát, biến dạng nhiều vị trí. Trong phạm vi 20 m2, nhiều vật dụng, xăng dầu vương vãi.\nNguyên nhân tai nạn đang được điều tra.\nSơn Hoà",
    "title": "Ôtô Mercedes lật nhiều vòng trên đường Sài Gòn",
    "title_page": null,
    "title_rss": null,
    "url": "https://vnexpress.net/tin-tuc/thoi-su/giao-thong/oto-mercedes-lat-nhieu-vong-tren-duong-sai-gon-3815162.html"
}