{
    "page-url": "https://www.youtube.com/@gocnhinquansu-b6h",
    "post-url": "https://www.youtube.com/watch?v=DRcVVkKImSI",
    "title": "25.000 Quân Venezuela Thành Mồi Lửa – F-35 Mỹ Xuất Kích, Caribe Rực Cháy",
    "text": "Caribe rực cháy trong khói lửa...\n25.000 quân Venezuela bị tung ra tiền tuyến như “mồi lửa”... nhưng trước sức mạnh của F-35 Mỹ, tất cả nhanh chóng sụp đổ.\n\nHạm đội Mỹ với tàu khu trục Arleigh Burke, Tomahawk và thủy quân lục chiến đã dọn sạch trận địa...\nTrong khi Donald Trump khẳng định Hoa Kỳ sẽ không để bất kỳ ai thách thức ngay tại “sân sau” của mình.\n\nVậy liệu đây chỉ là một đòn răn đe... hay là khởi đầu cho một cuộc chiến toàn diện ngay sát biên giới Mỹ?\nHãy cùng Góc Nhìn Quân Sự phân tích kịch bản kịch tính này.\n#GócNhìnQuânSự #F35 #DonaldTrump #Venezuela #Caribe #QuânSựMỹ#GocNhinQuanSu  \n#PhanTichChienTranh  \n#TinQuocPhong  \n#VuKhiHienDai  \n#QuanSuTheGioi  \n#DiaChinhTriToanCau  \n#ChienTruong2025  \n#TinQuocTeNong  \n#QuanDoiTheGioi  \n#MilitaryAnalysis\n⚠️ KHUYẾN CÁO\nNhững nội dung được trình bày trong video này có thể là giả định, phân tích mô phỏng hoặc kịch bản hư cấu, được xây dựng với mục đích giáo dục, phân tích chiến lược và giải trí.\n\nMọi sự trùng lặp về tên nhân vật, địa điểm, đơn vị quân đội hay sự kiện thực tế – nếu có – chỉ là ngẫu nhiên và không mang ý định xúc phạm bất kỳ cá nhân hay tổ chức nào.\n\nKênh cam kết không cổ vũ bạo lực, thù hận hay hành vi kích động chiến tranh. Toàn bộ nội dung thể hiện góc nhìn phân tích và không đại diện cho bất kỳ chính phủ, tổ chức hay tư tưởng chính trị nào.\n\n🎯 Quý khán giả vui lòng xem với tinh thần tỉnh táo, chọn lọc và tôn trọng nhiều chiều thông tin. Mọi phản hồi mang tính xây dựng luôn được hoan nghênh.",
    "caption": "Một chuyến công du bất ngờ của Bộ trưởng Quốc phòng Mỹ cùng sự xuất hiện của Chủ tịch Hội đồng tham mưu trưởng Liên Quân ngay tại Puerto Rico, Mỹ không chỉ đưa đến tám chiến hạm hiện đại mà còn triển khai thêm 10 tiêm kích tàng hình F35. Donald Trump lên tiếng thẳng thừng, bất kỳ máy bay Venezuela nào dám bay gần lực lượng Mỹ sẽ bị bắn hạ ngay lập tức. Trong khi đó, Nicolas Maduro cũng không lùi bước. Ông ta điều 25.000 quân ra sát biên giới và bờ biển thể sẽ bảo vệ chủ quyền đến cùng. Liệu đây sẽ là kết cục dẫn đến chiến tranh toàn diện với Mỹ chấm liệu Trung Quốc có dám can thiệp? Chào mừng bạn đến với kênh Góc nhìn quân sự. Hôm nay chúng ta sẽ phân tích nước cờ này của Venezuela. Caribbe đã chính thức biến thành một ván cờ sinh tử mà ở đó Mỹ muốn dọn sạch trận địa, còn Venezuela liều mình thách thức. Liệu cuộc đối đầu này có dừng ở những lời cảnh báo hay sẽ bùng phát thành một trận chiến thật sự ngay sát sườn Hoa Kỳ? Caribe vốn là sân sau của Hoa Kỳ, nơi mà bất kỳ thế lực nào dám chen chân đều sẽ phải đối diện với sức mạnh quân sự khổng lồ. Và lần này nhân vật thách thức lại là Nicolas Maduro, nhà lãnh đạo Venezuela vốn nổi tiếng với những quyết định táo bạo và liều lĩnh. Điều gì khiến Mỹ phải phản ứng nhanh đến vậy? Chuyến đi của Bộ trưởng Quốc phòng Mỹ tới Poeto Rico không đơn thuần chỉ là một chuyến thăm hữu nghị. Nó là một thông điệp rằng Washington đã sẵn sàng hành động. Cùng đi còn có Chủ tịch Hội đồng tham mưu trưởng Liên Quân, vị trí cao nhất trong giới tướng lĩnh quân đội Mỹ. Sự có mặt của ông tại Puerto Rico không chỉ mang tính tượng trừng mà còn cho thấy đây là một chiến dịch quân sự có tính toán. Hãy thử nhìn vào lực lượng được triển khai. Tám chiến hạm hải quân Mỹ bao gồm các tàu khu trục lớp Alberg với hệ thống Egis tối tần cùng một tàu đổ bộ tấn công vốn có khả năng mang theo cả trực thăng và thủy quân lục chiến. Không dừng lại ở đó, Washington còn điều thêm 10 tiêm kích F35, loại chiến đấu cơ tàng hình hiện đại nhất thế giới, có thể xuyên thủng mọi lưới radar mà Venezuela đang sở hữu. Tại sao lại là F35? Bởi trong mọi cuộc đối đầu tiềm tàng, Mỹ luôn muốn chứng minh rằng họ đi trước đối thủ ít nhất một thế hệ công nghệ. So sánh một cách thẳng thắn, Su30 của Venezuela dù từng là niềm tự hào nhưng trong thực tế đã lỗi thời so với F35. Khả năng tàng hình, cảm biến đa hướng và hệ thống dữ liệu hợp nhất của F35 khiến bất kỳ phi công nào ngồi trên Su30 cũng như đang bị săn đuổi trong bóng tối. Donald Trump hiểu rõ điều đó và chính vì vậy ông phát đi thông điệp cứng rắn. Nếu có bất kỳ chiếc máy bay Venezuela nào tiến gần lực lượng Mỹ thì ngay lập tức sẽ bị bắn hạ. Đây không phải là lời đe dọa mà là mệnh lệnh tác chiến. Trong lịch sử gần đây, chúng ta từng thấy Mỹ hành động ra sao ở Syria, ở Iraq hay tại vùng vịnh. Một khi Nhà Trắng đã quyết định, lực lượng quân sự sẽ triển khai mà không trần trừ. Vậy thì tại Caribe, nơi chỉ cách đất Mỹ vài trăm hải lý, liệu có ai dám nghi ngờ Washington? Nhưng Nicolas Maduro cũng không phải kiểu người dễ chùn bước. Ông ta tuyên bố điều 25.000 nghìn binh sĩ ra sát biên giới Colombia và vùng bờ biển Đông Bắc Venezuela. Ở đó, các nhà máy lọc dầu trọng yếu của đất nước được đặt dưới tình trạng cảnh giác cao nhất. Câu hỏi đặt ra là lực lượng này có thực sự đủ sức đối đầu với quân đội Mỹ không? Câu trả lời, nếu xét về mặt quân sự thuần túy chắc chắn là không. Nhưng đừng quên, Maduro đang muốn chơi một ván cờ chính trị. Ông ta muốn thể hiện rằng Venezuela không khuất phục, rằng ngay cả khi đối mặt với siêu cường, họ vẫn sẽ chiến đấu. Và hơn hết, Maduro kỳ vọng vào sự hậu thuẫn từ khối Bricks, đặc biệt là từ Nga và Trung Quốc. Nhưng thực tế liệu các cường quốc này có dám can thiệp trực diện vào sân sau của Hoa Kỳ? Câu hỏi này sẽ mở ra phần tiếp theo trong kịch bản. Quay lại với trận địa caribe. Việc Mỹ triển khai lực lượng khổng lồ như vậy không chỉ để trấn áp tội phạm ma túy mà còn để rande bất kỳ quốc gia nào có ý định dùng vùng biển này làm bàn đạp. Trong con mắt các chuyên gia quân sự, đây là chiến lực hai trong một, vừa chống ma túy, vừa ngăn chặn mọi ảnh hưởng ngoài khối NATO. Hãy nhìn vào hải quân Mỹ đang có mặt tại vùng biển này. Mỗi tàu khu trục lớp Alibg mang theo hơn 90 ống phóng thẳng đứng, có thể triển khai tên lửa Tomah Hawk, tên lửa phòng không SM2, SM3 và cả ngư lôi chống ngầm. Chỉ riêng một tàu đã có thể bao quát cả một vùng biển rộng hàng trăm km. Còn F35 không chỉ là chiến đấu cơ, nó còn là trung tâm chỉ huy bay trên không trung. Mỗi chiếc F315 có thể kết nối dữ liệu với chiến hạm và vệ tinh tạo nên một mạng lưới chiến tranh hợp nhất mà không quốc gia nào ở Nam Mỹ có thể sánh được. Chúng ta cần tự hỏi Mỹ có thực sự muốn tấn công Venezuela? Có lẽ không phải là ngay lập tức, nhưng việc đưa lực lượng đến Caribe chính là sự chuẩn bị cho mọi kịch bản. Donald Trump không muốn Mỹ bị động và hơn hết ông muốn chứng minh sức mạnh của Hoa Kỳ với cả thế giới và đó chính là điểm khác biệt lớn nhất giữa Mỹ và các đối thủ. Khi Nga còn đang loay hoay với chiến sự ở Ukrain, khi Trung Quốc còn dè dặt trước sự hiện diện hải quân Mỹ ở biển Đông thì Hoa Kỳ lại dám triển khai lực lượng ngay lập tức ở bất cứ nơi nào cần thiết. Điều này gửi đi một thông điệp rõ ràng. Hoa Kỳ sở hữu sức mạnh quân sự có thể hiện diện toàn cầu và Donald Trump chính là nhân tố thúc đẩy sức mạnh đó không ngừng tiến lên. Caribbe nóng lên từng ngày. Mỹ triển khai lực lượng khổng lồ, đưa cả F35 và hạm đội hải quân đến Puerto Rico. Thì giờ đây ở phía bên kia, Nicolas Maduro cũng đã tung ra ván bài liều lĩnh nhất trong nhiều năm cầm quyền. Ông ta điều 25.000 binh sĩ đến sát biên giới Colombia và trải dọc theo vùng bờ biển Đông Bắc Venezuela. Một quyết định đầy tính biểu tượng nhưng cũng chứa đựng quá nhiều rủi ro. Câu hỏi đặt ra là tại sao Maduro lại làm như vậy? Ông ta thừa biết quân đội Venezuela không thể nào sánh được với sức mạnh của Hoa Kỳ. Vậy thì liệu đây có phải là sự chuẩn bị cho một cuộc chiến thật sự hay chỉ là một ván cờ chính trị để gửi thông điệp ra quốc tế? Nếu nhìn vào thực trạng lực lượng Venezuela, chúng ta sẽ thấy bức tranh không mấy sáng sủa. Quân đội Venezuela từng nhận được một số vũ khí từ Nga như tiêm kích Su 30, xe tăng T72B1V hay hệ thống phòng không S300VM. Nhưng tất cả đều đã lỗi thời, nhiều khí tài không được bảo trì đầy đủ do khủng hoảng kinh tế kéo dài. So sánh một cách thẳng thắn, 25.000 nghìn quân Venezuela triển khai ra tiền tuyến chẳng khác nào một lớp phòng thủ mỏng manh đối diện với công nghệ quân sự vượt trội của Mỹ. Một khi hải quân Mỹ khai hỏa Tomah Hawk từ ngoại khơi hay F30 làm phóng tên lửa dẫn đường chính xác từ khoảng cách hàng trăm km thì toàn bộ lực lượng này có thể bị tê liệt chỉ trong vài giờ. Nhưng Maduro vẫn làm. Vì sao? vì ông ta không muốn người dân Venezuela tin rằng đất nước mình đang cúi đầu trước Washington. Và hơn hết, Maduro muốn tạo ra một hình ảnh về cuộc chiến vì chủ quyền để duy trì tính chính danh trong nước. Đặt 25.000 quân ra tiền tuyến, Maduro đang phát đi một thông điệp. Chúng tôi sẵn sàng hy sinh để bảo vệ đất nước. Đây chính là một ván canh bạc chính trị. Trong chiến lược quân sự có một khái niệm gọi là tạo rào cản tâm lý. Dù biết lực lượng yếu hơn nhưng bằng cách triển khai quân đông đảo và tập trung ở những khu vực nhạy cảm, chính quyền có thể làm đối thủ phải cân nhắc kỹ trước khi ra tay. Maduro đang áp dụng chính xác chiến thuật này. Đặt lính ở sát biên giới Colombia, nơi Mỹ và đồng minh có thể dễ dàng mở mũi tấn công và ven biển, nơi hải quân Mỹ đang rình dập ngoài khơi. Nhưng sự khác biệt nằm ở chỗ giao cản tâm lý chỉ có giá trị khi đối thủ còn do dự. Với Hoa Kỳ, đặc biệt dưới thời Donald Trump, do dự không phải là lựa chọn. Vậy 25.000 quân Venezuela có thể làm được gì? Trước hết, họ có thể tạo ra một lá chắn người làm Mỹ khó xử trong việc ra quyết định tấn công. Thay vì đánh thẳng vào cơ sở hạ tầng, Mỹ sẽ phải đối diện với nguy cơ thương vong dân sự và quân sự rất cao ở phía Venezuela. Đây chính là điều mà Maduro muốn tận dụng, biến bất kỳ cuộc tấn công nào của Mỹ thành một sự kiện gây tranh cãi toàn cầu. Thứ hai, lực lượng này có thể làm chậm bước tiến của Mỹ, ít nhất là trong những ngày đầu nếu xung đột bùng nổ. Đừng quên chiến tranh không chỉ tính bằng sức mạnh tuyệt đối mà còn tính bằng thời gian. Chỉ cần giữ vững vài ngày, Maduro có thể hy vọng Nga hay Trung Quốc sẽ có động thái ngoại giao, ít nhất là lên tiếng phản đối và kéo dài cuộc khủng hoảng. Thứ ba, đây cũng là cách Maduro chứng minh với Brick rằng Venezuela xứng đáng được coi là một phần của mặt trận chống phương Tây. Nếu không liều lĩnh, Caracas sẽ chẳng bao giờ được Mosva hay Bắc Kinh để mắt tới. Nhưng liệu 25.000 quân này có đủ khả năng thực hiện những kỳ vọng ấy? Hãy nhìn vào thực tế. Quân đội Venezuela đã suy yếu nghiêm trọng vì khủng hoảng kinh tế kéo dài hàng thập kỷ. Ngân sách quốc phòng eo hẹp, nhiều đơn vị không được huấn luyện. đầy đủ, thiết bị thiếu phụ tùng thay thế. Su30 từng là niềm tự hào của không quân Venezuela, nhưng hiện tại số lượng có thể hoạt động tốt chỉ còn lại rất ít. Xe tăng T72 dù được nâng cấp cũng khó lòng chống lại vũ khí chống tăng hiện đại của Mỹ. Chưa kể hải quân Venezuela gần như không thể so sánh với hạm đội Mỹ. Một vài tàu hộ vệ cũ kỹ, một số tàu ngầm đi xe từ thời Liên Xô, tất cả chỉ như những cái bóng trên biển Caribe rộng lớn. Trong khi Mỹ có thể tung ra cả một biên đội tàu sân bay chỉ trong vòng vài tuần nếu cần thiết. Thế nhưng điều đáng chú ý là Maduro không đạt cược vào chiến thắng quân sự, ông ta đặt cược vào chiến thắng chính trị và hình ảnh. Trong mắt dân chúng Venezuela, việc có 25.000 binh sĩ ra tuyến đầu có thể tạo ra cảm giác tự hào và đồng lòng. Trong mắt quốc tế, nó có thể khiến một số nước Nam Mỹ tỏ ra dè chừng, tránh đứng hẳn về phía Mỹ. Đây là chiến lược quen thuộc của các quốc gia nhỏ khi đối diện với siêu cường. Không thể thắng bằng súng đạn thì phải thắng bằng dư luận và biểu tượng. Nhưng liệu biểu tượng ấy có đủ sức ngăn chặn sức mạnh quân sự Mỹ? Câu hỏi này sẽ chỉ được trả lời khi chiến tranh nổ ra. Một điểm cần nhấn mạnh là 25.000 quân được Maduro điều động không hẳn đều là lực lượng tinh nhuệ. Trong số đó có nhiều đơn vị dự bị, thậm chí cả dân quân được huy động để tăng con số cho ấn tượng. Sự thực chất về khả năng chiến đấu rất khó đảm bảo. Nếu bị đặt vào một cuộc đối đầu trực diện với lính thủy đánh bộ Mỹ hay phải đối diện với hỏa lực của F35 thì khả năng cầm cự sẽ gần như bằng không. Vậy Maduro đang đánh cược vào điều gì? Có lẽ ông ta tin rằng Mỹ sẽ không dám vượt qua một làn danh đỏ khi trước mắt là cả một đội quân đang đứng chờ. Nhưng Donald Trump đã nhiều lần chứng minh rằng ông không bị ràng buộc bởi những rào cản tâm lý. Ông sẵn sàng ra lệnh nếu đó là cách để bảo vệ lợi ích quốc gia Mỹ. Trong bối cảnh này, ván bài của Maduro càng trở nên nguy hiểm. Một khi Mỹ quyết định hành động, 25.000 quân kia không những không ngăn được mà còn có thể trở thành mục tiêu mở màn cho chiến dịch dàn đe của Washington. Kalacas hiểu điều đó nhưng họ vẫn phải làm vì nếu không triển khai, Maduro sẽ mất mặt cả trong nước lẫn quốc tế. Ông ta sẽ bị coi là yếu đuối và đó còn nguy hiểm hơn cả thất bại trên chiến trường. Khi nhìn rộng hơn, chúng ta thấy sự kiện này không chỉ đơn giản là một màn phô trương sức mạnh, nó phản ánh thế giằng co toàn cầu. Mỹ muốn khẳng định vị thế siêu cường ngay sân sau trong khi Venezuela cố bám víu vào khối Brick để tìm điểm tựa. Nhưng Brick có thực sự sẵn sàng bảo vệ Venezuela? Câu hỏi này sẽ được giải đáp trong phần tiếp theo. Điều chắc chắn là Caribe không còn là vùng biển yên bình nữa. Với 25.000 quân đứng dàn hàng và hạm đội Mỹ áp sát ngoài khơi, bất kỳ tia lửa nào cũng có thể biến thành một đám trái lớn. Caribbe, những con sóng dữ dội không chỉ cuộn trào ngoài biển khơi mà còn lan sang cả bàn cờ địa chính trị toàn cầu. Maduro tung 25.000 quân ra sát biên giới và ven biển. một quyết định liều lĩnh nhằm tạo ra hình ảnh không lùi bước trước Hoa Kỳ. Nhưng khi phía bên kia là Washington, dưới sự lãnh đạo của Donald Trump thì sớm muộn cuộc đụng độ cũng phải xảy ra. Hoa Kỳ không thể chỉ dừng lại ở việc phô trương lực lượng. Bởi mỗi khi triển khai tàu chiến F35 hay thủy quân lục chiến, Washington đều muốn gửi đi một thông điệp rõ ràng. Mỹ sẵn sàng hành động thực chất. Vậy đòn ră đe mà Hoa Kỳ lựa chọn sẽ là gì? Liệu có phải là một cuộc tấn công toàn diện hay là những cú đánh chính xác để khiến Caracas phải trùn bước? Trước hết, chúng ta cần nhớ Caribe không phải là Trung Đông, cũng không phải là Đông Âu. Nơi này nằm ngay sát sườn nước Mỹ. Khoảng cách từ Puerto Rico đến Venezuela chưa đầy 1000 km. Nghĩa là chỉ trong vài phút, F35 của Mỹ có thể xuất phát từ căn cứ và xuất hiện trên bầu trời Karacas. Lợi thế về vị trí địa lý cho phép Washington triển khai khái niệm tấn công phủ đầu giới hạn, một chiến lược từng được áp dụng trong chiến tranh vùng vịnh. Thay vì ô ạt tiến quân, Mỹ có thể tung ra các đòn đánh chính xác nhằm vào hệ thống radar, phòng không và căn cứ chỉ huy của Venezuela. Khi những mắt xích đầu não này bị đánh gục, 25.000 quân mà Maduro dàn ra sẽ chỉ còn là những khối di chuyển mù mịt. Không còn sự phối hợp, không còn khả năng kháng cự thực sự. Hãy thử hình dung một biên đội F315 cất cánh từ Puerto Rico. Chúng bay thấp tàng hình dưới lưới Radar SpaM của Venezuela. Chỉ trong vòng vài phút, các quả bom dẫn đường Jdam hoặc tên lửa Jaz SM có thể hạ gục hệ thống phòng không đặt gần bờ biển. Một khi chiếc ô phòng thủ bị xuyên thủng, toàn bộ không phận Venezuela sẽ trở thành sân khấu mở cho không quân Mỹ. Không chỉ là lý thuyết, điều này từng xảy ra ở Serbia vào cuối thập niên 90. Khi Mỹ quyết định loại bỏ radar đối phương, cả lực lượng phòng không hùng hậu một thời cũng trở nên vô dụng. Và lần này tại Caribe, kịch bản ấy hoàn toàn có thể lặp lại. Nhưng Mỹ không chỉ nhắm vào phòng không. Một đòn gian đe mang tính chiến lược còn bao gồm việc tấn công vào các trung tâm hậu cần và kho nhiên liệu. Venezuela phụ thuộc lớn vào những nhà máy lọc dầu đặt sát bơ biển Đông Bắc. Nếu những cơ sở này bị đánh sập, quân đội của Maduro sẽ nhanh chóng mất nguồn cung cấp nhiên liệu và hậu cần. Đó chính là cách Mỹ thường xuyên sử dụng để khiến đối phương chết dần chết mòn trước khi cuộc chiến chính thức nổ ra. Vậy Mỹ có sẵn sàng làm thế? Donald Trump đã nhiều lần phát biểu Hoa Kỳ không thể im lặng khi những kẻ buôn ma túy và chế độ độc tài thách thức chúng ta ngay ở sân sau. Đây không còn là ngôn từ ngoại giao mà là lời cảnh báo có sức nặng chính trị và quân sự. Không những thế, Washington còn có thêm một cái cớ hợp pháp. Chính quyền Mỹ cáo buộc Maduro đứng đầu một tập đoàn buôn bán Kokai, biến Venezuela thành nhà nước ma túy. Điều này cho phép Mỹ Viên dẫn khái niệm tấn công vào tổ chức khủng bố xuyên quốc gia vốn đã từng được áp dụng trong cuộc chiến chống An Khoai. Nói cách khác, mỗi quả bom thả xuống không còn được xem là xâm lược mà sẽ được trình bày như một phần của cuộc chiến chống khủng bố. Đây là một nước cờ khôn ngoan khiến cộng đồng quốc tế khó phản đối kịch liệt. Vậy phản ứng của Venezuela thì sao? Khi 25.000 quân đã được triển khai, Maduro buộc phải cho thấy sự cứng rắn. Nhưng ông ta cũng biết nếu bắn phát súng đầu tiên, Venezuela sẽ lập tức trở thành kẻ gây chiến. Và trong cuộc chơi này, chỉ cần mắc sai lầm nhỏ, Karacas sẽ mất đi mọi sự ủng hộ ít ỏi từ quốc tế. Chính vì thế, Maduro đang bị dồn vào thế tiến thoái lưỡng nàn. Không phản ứng thì bị coi là yếu đuối, phản ứng quá mạnh thì bị Mỹ lấy cớ để tấn công toàn diện. Vậy Mỹ sẽ chọn phương án nào để răn đe? Một kịch bản được nhiều chuyên gia quân sự đoán hải quân Mỹ sẽ chặn bắt các tàu buôn nghi ngờ chờ ma túy, sử dụng vũ khí sát thương thay vì chỉ bắt giữ. Nếu một tàu bị đánh chìm, đó sẽ là thông điệp cho Karacas thấy rằng Washington sẵn sàng bước qua mọi làn danh. Song song Mỹ có thể tiến hành một cuộc tập trận bắn đạn thật ngay ngoài khơi Venezuela. Huy động hạm đội với hàng loạt tên lửa Thomas Hawk khai hỏa đồng loạt vào các mục tiêu giả định. Đây không chỉ là thử nghiệm vũ khí mà còn là lời nhắn trực tiếp gửi đến Maduro. Chúng tôi có thể làm điều này với chính căn cứ của ông bất kỳ lúc nào. Điểm đáng nói là sự hiện diện của F35 mới chính là yếu tố thay đổi cục diện. Bởi mỗi lần F35 xuất hiện trên bầu trời caribe, quân đội Venezuela lại phải căng mình theo dõi. Nhưng họ biết rõ Raider của họ gần như không thể phát hiện ra F35 cho đến khi đã quá muộn. Điều này tạo ra áp lực tâm lý cực lớn và đó chính là một phần của đòn ră đe. Không cần bắn một phát súng, Mỹ cũng có thể khiến đối phương căng thẳng đến mức mắc sai lầm. Nhưng liệu Washington có dừng ở Rande tâm lý hay họ sẽ đi xa hơn tiến hành một cuộc không kích giới hạn? Trong các kịch bản quân sự, giới phân tích thường nhắc đến khái niệm ngưỡng phản ứng. Nghĩa là chỉ cần một chiếc máy bay Venezuela vô tình áp sát không phận Puerto Rico hay một tàu hải quân Caracas bắn tín hiệu cảnh cáo thì toàn bộ ngưỡng phản ứng có thể bị vượt qua và khi đó Mỹ sẽ coi đó là hành động thù địch đủ lý do để nổ súng. Đây chính là lý do mà nhiều chuyên gia cho rằng cuộc đụng độ không thể tránh khỏi. Bởi trong một môi trường căng thẳng như Caribe hiện nay, chỉ cần một sự cố nhỏ cũng đủ để châm ngòi cho bão lửa. Donald Trump hiểu rõ điều này, nhưng thay vì tìm cách hạ nhiệt, ông lại chọn cách đẩy áp lực lên mức cao nhất. Với Trump, việc chứng minh sức mạnh Mỹ quan trọng hơn bất kỳ lời chỉ trích nào từ quốc tế. Ông muốn cả thế giới thấy rằng Hoa Kỳ không chỉ kiểm soát Thái Bình Dương hay Trung Đông mà ngay cả vùng biển Caribe sát cạnh cũng tuyệt đối không có chỗ cho thách thức. Điều này tạo ra một hiệu ứng kép. Một mặt nó khiến Maduro rơi vào thế phải co cụm. Mặt khác nó gửi thông điệp đến Trung Quốc và Nga. Nếu các ông định lợi dụng Venezuela để thử thách Mỹ thì hãy nhớ rằng chúng tôi có thể kết thúc cuộc chơi chỉ trong vài ngày. Đó là nghệ thuật đe chiến lược. không cần tuyên chiến nhưng vẫn khiến đối phương phải lùi lại một bước. Vậy điều gì sẽ xảy ra nếu Maduro vẫn ngoan cố? Đòn răn đe có thể biến thành đòn tấn công thật sự. Một loạt tên lửa Tomahock phóng đi từ tàu khu trục ngoài khơi, bay thấp xuyên qua sóng biển, đánh thẳng vào trung tâm chỉ huy quân sự Karacas. Một phi đội F35 đồng loạt khai hỏa, xóa sổ các hệ thống radar ven biển. Trong vòng vài giờ, Venezuela có thể mất khả năng phòng thủ. Khi đó 25.000 quân đứng giản hàng sẽ chẳng còn là lá chắn mà trở thành minh chứng cho sự liều lĩnh vô vọng. Liệu Maduro có dám đánh đổi để đến mức ấy? Câu trả lời sẽ còn phụ thuộc vào phản ứng của Brick, khối mà Venezuela hy vọng sẽ đứng về phía mình. Nhưng như chúng ta sẽ thấy trong phần tiếp theo, chính vào thời khắc Karacas cần nhất, Rick lại bộc lộ những dạn nứt khó hàn gắn khi Mỹ tung đòn đe tại Carib. Khi F315 và hạm đội hải quân đã sẵn sàng biến vùng biển này thành chiến trường, người ta chờ đợi phản ứng từ các đồng minh của Nicolas Maduro. Venezuela không thể một mình đứng vững nếu không có sự hậu thuẫn từ cái gọi là khối Bricks tập hợp của Nga, Trung Quốc, Brazil, Ấn Độ và Nam Phi. Nhưng điều gì đã xảy ra? Trái với kỳ vọng của Caracas, Brick không hề đoàn kết. Ngược lại, những vết nứt nội bộ đã hiện rõ phơi bảy sự thật rằng khối này chỉ là một liên minh trên giấy, nhiều hơn là một sức mạnh nhất. Hãy nhìn vào Nga trước tiên. Moskva đang xa lời ở chiến trường Ukraina. Ngân sách quốc phòng bị kéo căng đến cực hạn. Thậm chí các báo cáo đã chỉ ra thâm hụt ngân sách Nga có thể lên đến hơn 12.000 tỷ giúp trong 3 năm tới. Trong tình thế ấy, liệu Nga có đủ nguồn lực để can dự vào một cuộc khủng hoảng mới ở tận Caribe? Câu trả lời gần như là không. Nga có thể phát đi những tuyên bố ngoại giao, có thể lên tiếng phản đối Mỹ, nhưng để triển khai hải quân vượt nửa vòng trái đất tiến vào vùng ảnh hưởng trực tiếp của Washington. Đó là điều gần như bất khả thi. Mosfa hiểu rõ bất kỳ động thái quân sự nào ở Caribe cũng sẽ bị Mỹ coi là hành vi leo thang toàn cầu và hậu quả là không thể kiểm soát. Còn Trung Quốc thì sao? Bắc Kinh vốn có lợi ích sâu sắc với Venezuela từ dầu mỏ cho đến các khoản vay hàng chục tỷ đô la. Nhưng lợi ích kinh tế không đồng nghĩa với sẵn sàng can thiệp quân sự. Trong bối cảnh căng thẳng ở biển Đông, ở Đài Loan, Trung Quốc đã phải giàn trải lực lượng khắp nơi. Một cuộc phiêu lưu quân sự ở Caribe, ngay sát nách Mỹ chẳng khác nào tự đưa mình vào thế đối đầu trực diện mà chưa chắc đã giành được gì. Vì thế, Trung Quốc chọn cách im lặng. Những tuyên bố chỉ mang tính ngoại rào kêu gọi kiềm chế, kêu gọi đảm phán nhưng tuyệt nhiên không có bất kỳ hành động thực chất nào để bảo vệ Maduro. Với Bắc Kinh, bảo toàn lực lượng cho các toan tính ở châu Á còn quan trọng hơn việc liều lĩnh dính líu vào một cuộc khủng hoảng ở tận tây bán cầu. Thế còn Brazil? Đáng lẽ với vị trí là một cường quốc Nam Mỹ, Brazil phải là nước đầu tiên lên tiếng bênh vực Venezuela. Nhưng thực tế lại khác, Tổng thống Brazil chỉ kêu gọi duy trì hợp tác kinh tế, tránh đối đầu quân sự. Ông không muốn đẩy đất nước mình vào vòng xoáy căng thẳng với Washington, đối tác thương mại lớn nhất của Brazil. Thậm chí tại hội nghị thượng đỉnh trực tuyến của Bricks, Brazil còn nhấn mạnh rằng không nên biến khối này thành công cụ đối đầu với Mỹ. Điều đó khác nào một lời tuyên bố, Karacas sẽ phải tự lo lấy thần. Ấn Độ thì càng rõ ràng hơn. New Delhi vốn đã duy trì quan hệ chiến lược với Washington từ hợp tác quốc phòng cho đến thương mại công nghệ cao. Trong bối cảnh Donald Trump sẵn sàng áp thuế cao để gây sức ép, Ấn Độ càng không giải gì mạo hiểm đứng về phía Venezuela, một quốc gia mà họ chẳng có mối lợi ích thực sự nào. Vì thế, Ấn Độ cử ngoại trưởng tham dự hội nghị Brick thay cho thủ tướng. Đó là một động thái khôn khéo, vừa giữ thể diện cho khối vừa tránh giảng buộc trực tiếp. Nam Phi với vị trí yếu hơn càng không thể đóng vai trò gì đáng kể. Kết quả là khi Maduro mong chờ sự đoàn kết từ Brick thì tất cả những gì ông ta nhận được chỉ là những lời tuyên bố rời rạc, thậm chí là những động thái né tránh. Khối Bricks vốn được tuyên truyền là đối trọng với phương Tây. Giờ đây lại phơi bày sự thật rằng mỗi thành viên đều đặt lợi ích quốc gia của riêng mình lên trên hết. Và khi đối diện với sức mạnh thực sự của Hoa Kỳ thì cái gọi là liên minh ấy chỉ còn là một ảo tưởng. Điều này gửi đi một tín hiệu toàn cầu cực kỳ quan trọng. Mỹ không chỉ thành công trong việc răn đè Venezuela mà còn khiến cả Brick bộc lộ sự bất lực. Trong mắt cộng đồng quốc tế, thông điệp rất rõ, Hoa Kỳ vẫn là siêu cường duy nhất có khả năng triển khai sức mạnh quân sự toàn cầu và không có khối nào thực sự đủ sức thách thức điều đó. Donald Trump đã tận dụng tình thế này để củng cố vị thế. Ông muốn chứng minh rằng dưới thời ông, Mỹ không chỉ mạnh về quân sự mà còn làm cho mọi đối thủ phải phân hóa, chia rẽ. Chiến lược chia để trị vốn là bản chất của nghệ thuật quyền lực đang phát huy tác dụng một cách ngoạn mục. Chúng ta cần tự hỏi, liệu có ai trong Bricks thật sự dám đứng ra bảo vệ Maduro? Nga không thể. Trung Quốc không muốn. Brazil và Ấn Độ càng không, Nam Phi lại càng không đủ sức. Vậy thì Nicolas Maduro chỉ còn lại điều gì? Một đội quân 25.000 người đứng chờ ngoài tiền tuyến và một niềm tin mong manh rằng Brick sẽ không bỏ rơi Venezuela. Nhưng thực tế đã chứng minh ông ta đã đánh cược vào một ván bài sai lầm. Karacas tưởng rằng có thể dùng Brick như lá chắn chính trị, nhưng khi khối này dạn nứt, khi các thành viên lớn đều lo bảo vệ quan hệ với Washington thì Venezuela trở thành kẻ đơn độc. Đây chính là kết cục của một chiến lược dựa vào ảo tưởng. Còn Mỹ thì sao? Hoa Kỳ không chỉ củng cố được trận địa caribe mà còn thu về một chiến thắng ngoại rào. Bằng việc đẩy Venezuela vào thế cô lập, Donald Trump đã chứng minh cho thế giới thấy sức mạnh của Mỹ không chỉ nằm ở tên lửa, tàu chiến hay F35 mà còn ở khả năng làm đối thủ tự tan dã từ bên trong. Điều này mang lại tác động lan tỏa khắp toàn cầu. Ở châu Âu, NATO càng tin tưởng rằng chỉ có Mỹ mới đủ sức bảo vệ họ trước những mối đe dọa ở châu Á. Các đồng minh như Nhật Bản, Hàn Quốc, Philippines càng củng cố niềm tin rằng Mỹ sẽ không bỏ rơi họ. Còn ở Nam Mỹ, các quốc gia khác nhìn vào Venezuela và tự hỏi liệu có ai dám chống lại Mỹ mà không phải trả giá. Thông điệp rất rõ, Hoa Kỳ sở hữu công nghệ vũ khí hiện đại nhất thế giới. Hoa Kỳ có khả năng triển khai sức mạnh đến bất kỳ nơi nào và Donald Trump chính là nhân tố thúc đẩy sức mạnh ấy đi xa hơn bao giờ hết. Caribbe chỉ là một phép thử và phép thử này đã chứng minh rằng những ai thách thức Washington đều sẽ phải trả giá đắt. Nicolas Maduro có thể tiếp tục hô hào, có thể tiếp tục gọi 25.000 quân của mình là lực lượng cảm tử, nhưng trong thực tế ông ta đã bị cô lập. Và khi đối diện với sức mạnh ră đe của Mỹ cùng sự im lặng của những đồng minh Bricks, Venezuela sẽ phải tự gánh lấy hậu quả. Caribe đã gửi đi một tín hiệu toàn cầu trong thế giới đầy biến động này. Chỉ có Hoa Kỳ mới là siêu cường thật sự có khả năng định hình trật tự. Và Donald Trump bằng quyết đoán và sự cứng rắn của mình đã biến cuộc khủng hoảng thành một chiến thắng chiến lược. Cảm ơn bạn đã xem hết phân tích của chúng tôi về diễn biến cuộc chiến. Nếu bạn đam mê địa chính trị, sức mạnh quân sự và những gì đang thực sự diễn ra sau hậu trường chiến trường toàn cầu thì góc nhìn quân sự chính là nơi dành cho bạn. Đừng quên ấn theo dõi kênh",
    "images": ["https://i.ytimg.com/vi/DRcVVkKImSI/sddefault.jpg"],
    "relevant-users": [],
    "url": [],
    "publishedAt": "2025-09-10T13:15:02Z",
    "pageId": "UCqGiq_h7HcjijmeAPUxs-9w"
}