{
    "page-url": "",
    "post-url": "",
    "text": "VUI QUÁ XÁ!\nĐÁ LẠI TỨ KẾT : VIỆT NAM- NHẬT BẢN.\nSau khi dư luận thế giới nổi sóng phản đối tình huống VAR dẫn đến bàn thua của Việt Nam, AFC đã phải họp bàn. Hơn hai chục người từ FIFA, Liên đoàn Trọng tài thế giới, VAR Tech đã làm việc liên tục trong 3 giờ đồng hồ. Họ xem đi xem lại tình huống Bùi Tiến Dũng phạm lỗi với Ritsu Doan của Nhật Bản. Họ phân tích. Họ tranh luận. Họ mổ xẻ…\n\"VAR không nên được dùng trong tình huống này. Nó chỉ nên được áp dụng ở những quyết định sai hoàn toàn của trọng tài chính. Nếu nó được dùng để sửa mọi sai lầm của trọng tài, trận đấu sẽ liên tục bị gián đoạn. Khi đó, sự chi li sẽ lấn át cảm xúc bóng tròn\" – một quan chức của Liên đoàn trọng tài thế giới cho hay.\n\"VAR là để trọng tài có cơ hội xem xét lại tình huống và đánh giá một lần nữa. Trọng tài phải yêu cầu được xem lại video ngay lập tức chứ không phải đợi hơn một phút như ở trận này\" – người phát ngôn AFC nói.\nCuối cùng, AFC đi đến kết luận: \"Tổ VAR ở trận này gồm tổ trưởng Christopher Beath (Australia), cùng hai trợ lý Mohamed Taqi (Singapore) và Valeri (Italy) đã làm việc sai nguyên tắc, cảm tính\".\n\"Trận tứ kết 1 Việt Nam – Nhật Bản trong khuôn khổ ASIAN CUP 2019 sẽ được tổ chức lại vào 18h 29/02/2019 trên sân AI Maktoum vì sai sót do công nghệ VAR\" – AFC vừa thông báo chính thức trên trang web của họ.",
    "caption":"",
    "images": [
        "https://www.facebook.com/photo.php?fbid=2177821969213529&set=a.1582024158793316&type=3&eid=ARC5rD8_sPQyYU3cBVquy8VtikscVhTaAloeeRuI5K-UzVIzU9XzWOn41J-BuXZeJHs8kjQQMkEFUI5g"
    ],
    "relevant-users": [],
    "url": [],
    "publishedAt":"",
    "pageId":""
}