{
    "page-url": "https://www.facebook.com/kiengbachan.vn/",
    "post-url": "",
    "text": "TRƯƠNG QUỐC HUY (HUY NGH.IỆN) BỊ ĂN KẸO ĐỒNG TRONG MỘT VỤ XẢ S.ÚNG TẠI HOA KỲ - CÁI KẾT CỦA KẺ SỐNG BẰNG NGHỀ CHỐNG PHÁ QUÊ HƯƠNG\nTrương Quốc Huy, SN 1980 tại TP Hồ Chí Minh, có cha là người ngh.iện rượu và bị bạn nhậu đâ.m ch.ết trong một bữa nhậu. Trương Quốc Huy học hết lớp 7, từng đi bộ đội nghĩa vụ nhưng bị trả về do nghiện mai thuý.\nĐể có tiền ăn chơi, Trương Quốc Huy liên kết với Lisa Phạm (thuộc tổ chức khủ.ng b.ố Việt Tân) rải truyền đơn chống phá nhà nước Việt Nam, Trương Quốc Huy 2 lần bị bắt; lần bắt thứ 2 (vào năm 2005) bị kết án 6 năm tù, ra tù năm 2011 thì trốn qua Thái Lan, sau đó qua Mỹ tị nạn.\nSang Mỹ, dưới sự chỉ đạo của tổ chức kh.ủng b.ố Việt Tân, Trương Quốc Huy lập kênh trên Youtube, Facebook để chia rẽ sự đoàn kết của người dân Việt Nam với chính quyền, kích động động b.ạo lự.c, gây bất ổn trong nước.\nTrên kênh này, Trương Quốc Huy tỏ vẻ là người hiểu biết về tình hình trong nước. Tuy nhiên, Trương Quốc Huy chỉ lợi dụng các vấn đề mà báo chí đã đăng, suy diễn các vấn đề theo chiều hướng xuyên tạc, gây hiểu lầm cho người dân, dẫn dắt người dân theo chiều hướng tiêu cực nhằm chố.ng ph.á sự ổn định của đất nước.\nTheo thông tin mới nhất, Mạng xã hội đang xôn xao chuyện Huy nghiện (Trương Quốc Huy) bị \"ăn kẹo đồng\" trong 1 vụ xả 🔫 tại xứ Bông Kỳ. Bị thương nặng và khó lòng qua khỏi.\nNhưng cái kết bi kịch của y không giành được sự thương tâm của cộng đồng mà ngược lại. Dù sao giờ đây trên youtube không phải nghe những bình loạn xuyên tạc, bịa đặt, kí.ch độ.ng chố.ng p.há của ông ta nữa!\nĐúng là quả táo, nhãn lồng!",
    "caption":"",
    "images": [
        "https://www.facebook.com/kiengbachan.vn/photos/a.113077730128394/772605527508941/"
    ],
    "relevant-users": [],
    "url": [],
    "publishedAt":"",
    "pageId":""
}
