{
    "page-url": "https://www.youtube.com/@gocnhinquansu-b6h",
    "post-url": "https://www.youtube.com/watch?v=SvWQuXrN3LQ",
    "title": "Biển Caribe Rực Lửa – Tàu Chiến Venezuela Nổ Súng, Mỹ Đáp Trả Chớp Nhoáng!",
    "text": "Biển Caribe bùng nổ trong khói lửa… khi Venezuela buộc phải nổ súng vào hạm đội Mỹ dưới sức ép từ Trung Quốc. Pháo hạm gầm rú, tên lửa lao đi, mặt biển đỏ rực trong cuộc đối đầu nghẹt thở giữa tàu khu trục Mỹ và chiến hạm Venezuela. Trong bối cảnh Mỹ vừa phá hủy các cơ sở ma túy bí mật do Trung Quốc hậu thuẫn, Caracas trở thành “quân cờ thí” trong ván cờ toàn cầu. Nhưng với công nghệ hải quân hiện đại nhất thế giới, Mỹ đã tung đòn chớp nhoáng, lật ngược thế cờ chỉ trong vài phút. Đây không chỉ là một trận hải chiến… mà còn là thông điệp răn đe trực diện của Tổng thống Donald Trump: Hoa Kỳ sẽ không khoan nhượng trước bất kỳ thế lực nào dám thách thức trật tự toàn cầu. 👉 Liệu Trung Quốc có tiếp tục im lặng? Hay họ sẽ mở mặt trận mới ở Biển Đông và Thái Bình Dương? Câu trả lời sẽ được phân tích dưới góc nhìn quân sự quốc tế, khách quan, chuyên sâu. #GócNhìnQuânSự #Caribe #Mỹ #Venezuela #DonaldTrump #TrungQuốc #ChiếnTranhHảiQuân #Tomahawk #Aegis #GocNhinQuanSu #PhanTichChienTranh #TinQuocPhong #VuKhiHienDai #QuanSuTheGioi #DiaChinhTriToanCau #ChienTruong2025 #TinQuocTeNong #QuanDoiTheGioi #MilitaryAnalysis ⚠️ KHUYẾN CÁO Những nội dung được trình bày trong video này có thể là giả định, phân tích mô phỏng hoặc kịch bản hư cấu, được xây dựng với mục đích giáo dục, phân tích chiến lược và giải trí. Mọi sự trùng lặp về tên nhân vật, địa điểm, đơn vị quân đội hay sự kiện thực tế – nếu có – chỉ là ngẫu nhiên và không mang ý định xúc phạm bất kỳ cá nhân hay tổ chức nào. Kênh cam kết không cổ vũ bạo lực, thù hận hay hành vi kích động chiến tranh. Toàn bộ nội dung thể hiện góc nhìn phân tích và không đại diện cho bất kỳ chính phủ, tổ chức hay tư tưởng chính trị nào. 🎯 Quý khán giả vui lòng xem với tinh thần tỉnh táo, chọn lọc và tôn trọng nhiều chiều thông tin. Mọi phản hồi mang tính xây dựng luôn được hoan nghênh.",
    "caption": "Biển Caribbe tưởng chừng yên bình dưới ánh trăng bạc bỗng chốc rung chuyển bởi tiếng nổ long trời. Những quả tên lửa từ tàu chiến Venezuela lao vút lên trời, rạch ngang màn đêm xé toạc mặt biển bằng những cột nước khổng lồ. Ở phía đối diện, tàu khu trục Mỹ lập tức chuyển sang báo động đỏ. Đèn hiệu nhấp nháy, còi báo rú vang, thủy thủ lao vào vị trí chiến đấu. Trong khoảnh khắc nghẹt thở, cả hai hạm đội đã không còn lùi bước. Pháo hạm gầm rú, tên lửa rời bệ phóng, và biển Caribe sáng rực trong cơn mưa lửa. Ai sẽ trụ vững trong màn đối đầu nghẹt thở này? Venezuela liều lĩnh dưới sức ép của Trung Quốc hay Mỹ với sức mạnh công nghệ vượt trội? Chào mừng bạn đến với kênh Góc Nhìn Quân Sự. Hôm nay chúng ta sẽ vén màn cho cuộc chiến này. Biển Caribbe, vùng biển tưởng chừng bình yên với những con sóng xanh ngắt bỗng trở thành một ván cờ địa chính trị khốc liệt nhất trong nhiều thập kỷ gần đây. Mỹ vừa tung đòn hủy diệt, phá nát những khu vực sản xuất ma túy bí mật do Trung Quốc chống lưng trên lãnh thổ Venezuela. Hàng chục cơ sở ngầm bị san phẳng, hàng tỷ đô la tiền bẩn bốc hơi chỉ trong một đêm. Bắc Kinh tức giận nhưng vẫn chọn cách im lặng trên trường quốc tế. Họ không thể trực tiếp đối đầu với Washington vì còn bận giữ cân bằng ở châu Á, Thái Bình Dương. Vậy nên Trung Quốc cần một con tốt thí và Venezuela chính là lựa chọn hoàn hảo. Caracas bị ép phải trả đũa. Dưới sức ép từ Bắc Kinh, Tổng thống Venezuela buộc hải quân phải hành động. Cho dù biết rằng bước đi này có thể biến quốc gia mình thành chiến trường lửa đạn. Rạng sáng ngày 8 tháng, khi cả vùng Caribe vẫn còn chìm trong bóng tối, bất ngờ từ bờ biển Venezuela, những quả tên lửa hành trình chống hạm rời bệ phóng. Vệt lửa đỏ rạch ngang bầu trời, lao thẳng ra vùng biển nơi tàu chiến Mỹ đang tuần tra. Âm thanh rền vang. Mặt biển Caribe rung chuyển bởi những cột nước khổng lồ. Đây không còn là đe dọa mà là tuyên chiến. Nhưng câu hỏi đặt ra: Venezuela thật sự muốn nổ súng hay chỉ đang đóng vai kẻ hy sinh để giữ thể diện cho Trung Quốc? Tàu khu trục lớp Arleigh Burke của Mỹ ngay lập tức kích hoạt hệ thống Aegis, radar AN/SPY quét dày đặc trên không trung, từng vệt sáng báo hiệu đường đi của tên lửa địch. Thủy thủ lao vào vị trí chiến đấu, còi báo động đỏ rú vang khắp boong tàu. Một loạt tên lửa phòng thủ Standard Missile-2 được phóng đi, tạo thành những vệt sáng trắng rực xé ngang bầu trời. Cuộc đối đầu thực sự đã bắt đầu. Trận chiến này không chỉ đơn thuần là Mỹ đối đầu Venezuela. Đây là lời nhắn gửi của Trung Quốc rằng họ vẫn còn đồng minh ở Tây bán cầu. Nhưng cũng chính tại đây, Donald Trump và Lầu Năm Góc sẽ chứng minh rằng bất kỳ ai dám thách thức Mỹ đều phải trả giá đắt. Hãy thử hình dung trên mặt biển mênh mông, hai hạm đội đứng đối diện nhau như hai con thú săn mồi đang gầm gừ trước khi lao vào cắn xé. Venezuela triển khai hai tàu hộ tống và một khinh hạm lớp Mariscal Sucre, được trang bị pháo hạm 76mm và một số tên lửa Exocet mua từ Pháp nhiều năm trước. Nhưng liệu những vũ khí cũ kỹ ấy có thể đối đầu với công nghệ hiện đại của Mỹ? Ở phía bên kia, tàu khu trục Arleigh Burke không chỉ mang theo pháo hạm Mk45 mà còn cả kho vũ khí Tomahawk, hệ thống phòng thủ CIWS Phalanx, radar tối tân và hơn hết là kinh nghiệm chiến đấu thực chiến từ Trung Đông đến Thái Bình Dương. Khi loạt tên lửa đầu tiên của Venezuela bị bắn hạ, không khí trên boong tàu Mỹ vẫn căng như dây đàn. Chỉ cần một sơ suất nhỏ, một quả đạn lọt qua, hậu quả sẽ không thể lường trước. Chuyên gia quân sự nhận định Venezuela đang cố tình tạo ra cú nổ lớn để gửi thông điệp rằng họ vẫn có khả năng chống trả, nhưng thực tế họ chỉ là quân cờ bị Trung Quốc đẩy ra phía trước. Câu hỏi đặt ra cho chúng ta: liệu một quốc gia nhỏ bé với hạm đội lạc hậu có thể sống sót khi dám thách thức siêu cường hải quân số một thế giới? Pháo hạm Venezuela bắt đầu khai hỏa. Từng quả đạn pháo 76mm rít qua không trung, rơi xuống mặt biển gần tàu Mỹ, tạo nên những cột nước cao hàng chục mét. Sóng đánh ầm ầm vào mạn tàu, bọt trắng tung lên mù mịt. Tàu Mỹ đáp trả ngay lập tức. Pháo Mk45 trên boong gầm rú, từng viên đạn chính xác bắn thẳng vào tàu hộ tống đối phương. Một tiếng nổ vang trời, khói lửa bốc lên từ mạn tàu Venezuela. Cảnh tượng ấy như một màn đấu tay đôi không khoan nhượng. Cả hai bên đều biết bất kỳ sự chậm trễ nào cũng đồng nghĩa với thất bại. Truyền thông quốc tế lập tức đưa tin nóng hổi. Các hãng tin lớn từ Washington, Bắc Kinh cho đến châu Âu đều đồng loạt đặt câu hỏi: Mỹ sẽ phản ứng thế nào trước hành động liều lĩnh của Venezuela? Nhưng có một điều chắc chắn, Washington sẽ không để yên. Donald Trump đã từng nói Mỹ không bao giờ để kẻ thù có cơ hội bắn phát súng thứ hai và điều đó đồng nghĩa câu trả lời từ phía Mỹ sẽ vô cùng khốc liệt. Thủy thủ Mỹ với sự hỗ trợ của hệ thống huấn luyện mô phỏng hiện đại, vận hành mọi quy trình phản công gần như hoàn hảo. Trong khi đó, binh sĩ Venezuela vốn thiếu kinh nghiệm thực chiến lại phải chiến đấu trong tâm lý lo sợ. Hãy tự hỏi, một lực lượng non trẻ bị ép buộc bởi áp lực từ Trung Quốc liệu có thể giữ vững trận tuyến trước cơn bão lửa công nghệ cao của Mỹ? Khi màn đêm Caribe dần tan, ánh sáng bình minh bắt đầu le lói trên đường chân trời, cũng là lúc trận chiến bước vào giai đoạn căng thẳng nhất. Radar Mỹ phát hiện thêm một biên đội tàu Venezuela đang tăng tốc áp sát. Tiếng còi báo động lại vang lên. Không khí trên boong tàu Mỹ dường như nghẹt thở hơn bao giờ hết. Phần lớn chuyên gia đều dự đoán đây chỉ mới là khởi đầu của một chuỗi đụng độ. Bởi một khi Trung Quốc đã nhúng tay, họ sẽ không dễ dàng rút lui. Và khi Mỹ quyết định phản công toàn diện, vùng biển Caribe sẽ biến thành chiến trường khốc liệt. Nơi Venezuela chỉ là kẻ gánh chịu thay cho một cuộc đối đầu lớn hơn nhiều. Mỹ có đủ sức mạnh để đè bẹp đối thủ chỉ trong vài giờ. Nhưng Donald Trump cần gửi đi một thông điệp không chỉ cho Caracas mà còn cho Bắc Kinh rằng Hoa Kỳ vẫn sở hữu công nghệ vũ khí hiện đại nhất thế giới và bất kỳ ai thách thức trật tự do Mỹ dẫn dắt sẽ bị nghiền nát ngay từ bước khởi đầu. Mặt biển Caribe bừng sáng trong ánh bình minh đỏ rực. Nhưng ánh sáng ấy không chỉ đến từ mặt trời đang nhô lên đường chân trời mà còn từ những đám cháy khổng lồ bốc lên từ những con tàu vừa hứng chịu hỏa lực trong đêm. Tiếng pháo hạm vẫn vang dội, dội vào vách núi ven bờ, tạo nên những âm thanh rền rĩ như lời cảnh báo của tự nhiên. Venezuela đã chính thức đặt mình vào vòng xoáy chiến tranh và Mỹ không có lý do gì để rút lùi. Khi loạt tên lửa đầu tiên đã bị đánh chặn, Venezuela không chịu dừng lại. Các tàu hộ tống nhỏ hơn lập tức lao lên, mở hết tốc lực. Pháo hạm Oto Melara 76mm gầm rú, từng loạt đạn nặng hàng chục ký lao thẳng về phía tàu khu trục Mỹ. Những cột nước trắng xóa dựng đứng lên giữa đại dương như những cây cột mốc khổng lồ báo hiệu rằng cuộc chơi đã bắt đầu thực sự và trong khoảnh khắc đó mọi ánh mắt đều đổ dồn về hạm đội Mỹ. Liệu siêu cường số một thế giới có giữ được nhịp thở bình tĩnh trước làn sóng tấn công bất ngờ này? Tàu khu trục Arleigh Burke lập tức phản pháo. Pháo hạm Mk45 nòng 127mm trên boong xoay nhanh, ngắm chuẩn xác và khai hỏa. Đạn pháo cỡ lớn bay vút trong không trung, tạo tiếng rít xé tai trước khi găm vào thân tàu hộ tống đối phương. Một tiếng nổ kinh hoàng, mảnh vỡ và khói bốc lên như cột lửa. Nhưng Venezuela không lùi bước, những con tàu còn lại vẫn liều lĩnh tiếp cận. Chúng khai hỏa pháo phòng không, vừa để ngăn trực thăng Mỹ cất cánh, vừa tạo màn che cho các tàu lớn. Ở khoảng cách gần, đây không còn là trận đánh của vũ khí tầm xa mà là một trận cận chiến thực sự. Bầu trời Caribe bị xé toạc bởi hàng loạt đường đạn, âm thanh đinh tai, khói thuốc súng dày đặc bao phủ không khí. Trên boong tàu Mỹ, thủy thủ chạy dọc hành lang thép, mỗi người giữ chặt vị trí. Họ không chỉ chiến đấu bằng cơ bắp mà còn bằng sự tự tin tuyệt đối vào công nghệ đang trong tay mình. Một hệ thống CIWS Phalanx bật sáng. Khẩu Gatling 20mm xoay tròn như cơn lốc, nhả ra hàng trăm viên đạn mỗi giây. Những viên đạn này tạo thành bức tường thép, chặn đứng các quả đạn pháo và tên lửa tầm thấp từ phía Venezuela. Vậy mà một quả đạn pháo vẫn kịp rơi sát mạn tàu Mỹ. Một tiếng nổ dữ dội khiến cả thân tàu rung chuyển, nước biển vọt lên, hắt ướt sũng cả boong trước. Đây là lời nhắc nhở rằng ngay cả siêu cường cũng không thể thoát khỏi rủi ro khi cận chiến ở cự ly gần. Thế trận trở nên nghẹt thở, không ai nhường ai. Venezuela biết nếu không gây ra tổn thất cho Mỹ, họ sẽ bị xem như kẻ bất lực. Nhưng Mỹ cũng hiểu, chỉ cần một vết nứt trong uy tín, Trung Quốc sẽ lợi dụng để thổi bùng hình ảnh rằng Washington đang suy yếu ở Tây bán cầu. Thế nên mỗi phát bắn, mỗi mệnh lệnh trên boong tàu lúc này đều mang tính sống còn. Một tàu hộ tống Venezuela trúng pháo Mk45 lần thứ hai. Thân tàu bị xé rách, khói đen phụt ra từ khoang máy. Tiếng la hét vang vọng, thủy thủ hoảng loạn nhảy xuống biển. Nhưng ngay lập tức, một quả tên lửa chống hạm Exocet từ một tàu khác được phóng đi. Đường bay thấp, ôm sát mặt biển lao thẳng về phía tàu khu trục Mỹ. Radar Aegis phát hiện, lệnh phóng SM-2 được kích hoạt, một quả tên lửa phòng thủ lao vút lên, gặp mục tiêu ở khoảng cách chỉ vài hải lý. Một quả cầu lửa bùng lên trên mặt nước. Biển Caribe rung chuyển thêm lần nữa. Nếu không có Aegis, hậu quả có thể là một thảm họa. Cuộc chiến này không còn là cuộc đấu riêng giữa Mỹ và Venezuela. Nó là minh chứng sống động cho câu hỏi công nghệ có thể tạo nên khác biệt như thế nào trong chiến tranh hiện đại. Một bên là vũ khí cũ kỹ dồn ép bởi chính trị và sự bắt buộc. Một bên là cỗ máy chiến tranh hiện đại được dẫn dắt bởi Donald Trump, người luôn nhấn mạnh rằng Mỹ phải luôn mạnh hơn bất kỳ kẻ thù nào. Trong khi các tàu tiếp tục đấu pháo, trên không trung, trực thăng Seahawk của Mỹ đã cất cánh. Chúng lượn vòng trên cao, phóng pháo sáng để dò tìm tàu ngầm Venezuela có thể đang ẩn nấp. Ở dưới biển, sonar của Mỹ dồn dập quét nhưng không phát hiện mối đe dọa nào đáng kể. Lực lượng tàu ngầm Venezuela quá yếu, không thể chen chân vào trận địa này. Nhưng hỏa lực trên mặt biển thì không dừng lại. Các tàu hộ tống Venezuela tiếp tục nhả đạn. Từng loạt pháo 76mm rơi xuống mặt biển như mưa. Tàu Mỹ tránh né, phản pháo nhưng vẫn không thể kết liễu nhanh chóng. Venezuela đang đánh đổi. Họ chấp nhận tổn thất nặng nề để cố gắng gây ít nhất một vết thương vào siêu cường. Truyền thông toàn cầu lúc này bùng nổ. Những dòng tít đỏ trên màn hình: Mỹ và Venezuela giao tranh trực diện trên biển Caribe, Trung Quốc liệu có đứng sau? Donald Trump sẽ phản ứng ra sao? Các phòng họp khẩn cấp ở Washington sáng đèn. Trump cùng các tướng lĩnh hàng đầu thảo luận, mệnh lệnh ban đầu của ông rất rõ: Không để tàu Mỹ bị hạ gục và nếu cần hãy sẵn sàng tung đòn đáp trả gấp 10 lần. Nhưng liệu có nên ngay lập tức san phẳng hạm đội Venezuela hay nên kéo dài thế giằng co này để gửi đi một thông điệp sâu xa hơn? Trong khi các chính trị gia tranh luận thì ngoài khơi Caribe, thủy thủ hai bên không có thời gian để nghĩ. Đạn pháo vẫn lao tới, khói lửa vẫn dậy đặc và từng sinh mạng đang được đặt trên bàn cờ. Một cú rung chuyển mới lại ập đến khi một quả đạn pháo Venezuela trúng gần tháp radar SPY-1. May mắn, hệ thống vẫn hoạt động nhưng cả con tàu rung lắc dữ dội. Những người lính Mỹ siết chặt tay, ánh mắt rực lửa. Họ hiểu đây không chỉ là trận chiến với Venezuela, đây là trận chiến để bảo vệ uy tín toàn cầu của Mỹ. Venezuela bắt đầu tổn thất nặng. Một khinh hạm lớp Mariscal Sucre hứng loạt pháo trực diện, cháy bùng từ khoang máy cho đến boong. Lửa lan nhanh, tiếng nổ phụ từ kho đạn dội lên trời như tiếng trống báo tử. Thế nhưng thay vì rút lùi, tàu còn lại tăng tốc, cố gắng áp sát để dùng pháo cận chiến. Sự liều lĩnh này khiến trận đánh càng thêm nghẹt thở. Mỹ có thể tung Tomahawk và kết thúc tất cả chỉ trong vài phút. Nhưng tại sao họ chưa làm vậy? Câu trả lời nằm ở chiến lược. Washington muốn cho cả thế giới thấy ngay cả khi bị tấn công trực diện, Mỹ vẫn đủ sức kiểm soát trận chiến ở mức cường độ thấp. Đây là cách gửi thông điệp thẳng đến Bắc Kinh rằng Mỹ không bị cuốn vào hỗn loạn. Mỹ dẫn dắt cuộc chơi. Khi mặt trời Caribe lên cao, ánh sáng chiếu rõ những vệt khói đen ngùn ngụt trên biển. Từng con tàu bị thương loạng choạng, sóng đập vào mạn thép, cuốn theo những mảnh vỡ cháy rực. Người ta có thể thấy đây không chỉ là cuộc đọ súng đơn thuần, đây là sự giằng co biểu tượng, một bên cố gắng chứng minh mình vẫn tồn tại, một bên muốn khẳng định sức mạnh tuyệt đối. Câu hỏi đặt ra cho cả thế giới: Trong kỷ nguyên vũ khí công nghệ cao, liệu một quốc gia lạc hậu bị ép buộc có thể xoay chuyển được gì? Hay kết cục chỉ là bị nghiền nát trong bánh răng chiến tranh toàn cầu? Mỹ vẫn giữ ưu thế nhưng Venezuela vẫn chưa chịu khuất phục. Họ tin rằng chỉ cần tạo ra một cú sốc dù nhỏ cũng đủ để Bắc Kinh tận dụng biến nó thành vũ khí tuyên truyền. Và như thế, trận giằng co này sẽ còn kéo dài. Trên boong tàu Mỹ, các sĩ quan dõi mắt ra chân trời, nơi radar vừa báo hiệu một nhóm tàu chiến Venezuela khác đang tăng tốc từ căn cứ hải quân gần đó, không khí lại một lần nữa bị bóp nghẹt. Đây chỉ mới là vòng hai của một cuộc đối đầu khốc liệt và những gì đến sau sẽ còn dữ dội hơn rất nhiều. Ánh mặt trời Caribe đã lên cao, soi rõ cả một vùng biển đỏ rực bởi lửa và khói. Hạm đội Venezuela trao đảo trong những đám khói đen ngùn ngụt nhưng vẫn cố liều mạng dồn hỏa lực vào tàu khu trục Mỹ. Họ biết chỉ cần dừng tay là thất bại sẽ đến ngay lập tức. Nhưng chính trong thời khắc tưởng chừng giằng co bất tận ấy, lệnh từ Washington được truyền đi thay đổi hoàn toàn cục diện. Donald Trump đã ra quyết định dứt khoát. Ông yêu cầu hải quân Mỹ tung đòn chớp nhoáng, sử dụng công nghệ vượt trội để kết thúc cuộc chơi. Câu nói của ông được trích dẫn trong phòng chỉ huy: Chúng ta không có thời gian cho sự do dự. Hãy chứng minh cho cả thế giới thấy Mỹ luôn là kẻ nắm thế chủ động. Ngay lập tức, tàu khu trục Arleigh Burke chuyển trạng thái tác chiến. Khoang phóng thẳng đứng VLS mở ra và những quả tên lửa Tomahawk bắt đầu rời bệ. Âm thanh trầm đục vang lên. Thân tàu rung nhẹ khi loạt tên lửa dài gần 6m lao thẳng vào không trung rồi hạ thấp độ cao ôm sát mặt biển Caribe, những vệt khói trắng kéo dài để lại dấu vết trên nền trời trong xanh. Trên boong tàu Mỹ, thủy thủ dõi mắt theo, họ hiểu: Giờ đây cuộc giằng co đã chấm dứt. Đây là thời khắc Mỹ giành lại toàn bộ thế chủ động. Tàu Venezuela không thể kịp phản ứng. Radar của họ đã quá lạc hậu để phát hiện Tomahawk bay thấp gần như ôm mặt nước. Chỉ vài phút sau, những quả tên lửa ấy chạm mục tiêu. Một tiếng nổ khủng khiếp. Khinh hạm Mariscal Sucre rung lên bần bật rồi chìm trong biển lửa. Cột khói đen bốc cao hàng trăm mét. Những mảnh vỡ rơi lả tả xuống mặt nước. Thủy thủ nhảy xuống biển, vùng vẫy giữa dầu loang và mảnh kim loại nóng bỏng. Ở một hướng khác, một tàu hộ tống bị Tomahawk đánh trúng khoang máy. Vụ nổ lan nhanh, chặn đứng mọi nỗ lực di chuyển, con tàu biến thành một khối thép cháy rực, dần dần nghiêng sang một bên. Trong vòng 6 phút, hai tàu chiến Venezuela đã bị vô hiệu hóa. Toàn bộ hạm đội còn lại rơi vào hỗn loạn. Sĩ quan chỉ huy Venezuela hét lệnh rút lui, nhưng mệnh lệnh ấy chìm trong làn sóng nhiễu điện tử từ hệ thống tác chiến điện tử Mỹ. Thông tin liên lạc bị cắt đứt và mỗi con tàu Venezuela như bị bỏ rơi giữa biển lửa. Đây là đòn chớp nhoáng, chính xác và tàn khốc được thiết kế để không cho đối thủ cơ hội thở. Nhưng Venezuela vẫn cố gắng vùng vẫy. Từ một con tàu còn lại, họ phóng liều hai quả tên lửa Exocet vào tàu Mỹ. Đường bay thấp lao đi với tốc độ siêu âm chọc thủng màn biển khói. Hệ thống Aegis ngay lập tức bắt được tín hiệu. Hai quả SM-2 được phóng lên, gặp mục tiêu ở khoảng cách chỉ vài km. Một vụ nổ sáng lóa trên bầu trời, mảnh vụn rơi xuống mặt nước. Mỹ đã chặn đứng đòn đáp trả cuối cùng của Venezuela. Câu hỏi vang lên, liệu một quốc gia như Venezuela có thể chống đỡ được bao lâu trước công nghệ Mỹ? Hay ngay từ đầu đây chỉ là một ván cờ do Trung Quốc bày ra để thí quân. Trong khoang chỉ huy của tàu Mỹ, sĩ quan điều hành nhận báo cáo: mục tiêu số một đã loại bỏ, mục tiêu số hai đang bốc cháy, còn lại hai tàu nhỏ đang rút lui. Và chỉ trong ít phút sau, quyết định được đưa ra: không để chúng thoát. Trực thăng MH-60 Seahawk được điều động từ boong tàu, cánh quạt xoay tít cất cánh vào không trung. Trên thân trực thăng, hai quả ngư lôi nhẹ và tên lửa AGM-114 Hellfire đã sẵn sàng. Chúng lượn vòng, khóa mục tiêu và phóng thẳng vào tàu Venezuela đang rút chạy. Một quả Hellfire xuyên thủng mạn tàu, vụ nổ khiến con tàu nhỏ bé chìm nhanh vào lòng biển. Đòn đánh từ trên cao hoàn tất việc lật ngược thế cờ. Chuyên gia quân sự trên thế giới đều phải thừa nhận đây là minh chứng rõ ràng cho sức mạnh vượt trội của hải quân Mỹ. Không cần phải dàn trận quy mô lớn, chỉ bằng vài đòn chớp nhoáng, Mỹ có thể biến đối thủ thành đống sắt vụn. Và tất cả chỉ diễn ra trong thời gian ngắn hơn một trận bóng đá. Điều gì đã tạo nên khác biệt đấy? Chính là công nghệ: tàu Mỹ không chỉ mạnh ở hỏa lực mà còn mạnh ở hệ thống chỉ huy, thông tin, tác chiến điện tử. Mọi thứ được kết nối chặt chẽ, cho phép họ kiểm soát toàn bộ cục diện ngay cả khi đang bị vây ép. Trong khi đó, thủy thủ Venezuela hoảng loạn. Họ không còn nhận được lệnh từ sở chỉ huy. Bắc Kinh thì im lặng. Caracas không thể gửi thêm viện binh. Những con tàu còn lại chỉ biết chạy trong tuyệt vọng. Đây không còn là chiến đấu mà là một cuộc tháo chạy. Mỹ không cần đuổi đến cùng. Họ chỉ cần chứng minh mọi hành động chống lại Mỹ ở Tây bán cầu đều sẽ thất bại thảm hại. Và Venezuela chính là ví dụ điển hình. Truyền thông thế giới sững sờ. CNN đưa tin hải quân Mỹ giành chiến thắng áp đảo chỉ trong vài phút. BBC bình luận Venezuela bị biến thành quân cờ trong tay Bắc Kinh. Các hãng tin châu Á thì phân tích Trung Quốc im lặng để Venezuela gánh chịu toàn bộ hậu quả. Nhưng quan trọng nhất, Donald Trump xuất hiện trên truyền hình khẳng định: chúng ta đã chứng minh rằng không một thế lực nào có thể đe dọa tự do trên biển Caribe. Mỹ luôn sẵn sàng bảo vệ lợi ích và đồng minh bằng công nghệ hiện đại nhất. Câu nói này như một nhát giao xuyên thẳng vào tham vọng của Bắc Kinh. Vậy là trong một buổi sáng, thế trận đã hoàn toàn thay đổi. Venezuela từ vị thế kẻ dám nổ súng đã trở thành kẻ thua cuộc thảm hại. Trung Quốc từ vị thế kẻ giật dây lại rơi vào tình thế khó xử vì không thể công khai cứu vãn một đồng minh đã thất bại quá nhanh. Câu hỏi lớn vang lên trên bàn cờ thế giới: Sau Caribe, liệu Trung Quốc có dám thử thách Mỹ ở một chiến trường khác hay họ sẽ phải chấp nhận thực tế rằng Donald Trump đã đưa nước Mỹ trở lại vị trí siêu cường không thể bị thách thức. Trên mặt biển, lửa vẫn cháy, khói vẫn bốc lên. Nhưng những con tàu Mỹ đứng hiên ngang, vững trãi trước sóng gió. Hạm đội Mỹ đã lật ngược thế cờ và còn để lại một thông điệp đáng sợ hơn: Bất kỳ ai dám thử thách đều sẽ bị nghiền nát chỉ bằng một đòn chớp nhoáng. Đây chính là cách Mỹ giữ vững quyền lực không chỉ ở Caribe mà trên toàn thế giới. Biển Caribe chưa bao giờ chứng kiến một cảnh tượng nào như thế. Từ bầu trời cho đến mặt biển đâu cũng chỉ thấy khói đen và lửa đỏ. Những cột khói cao hàng trăm mét cuộn trào như những ngọn núi lửa trồi lên giữa đại dương. Âm thanh nổ rền vang dội khắp không gian. Tiếng kim loại rít gào khi vặn xoắn dưới sức nóng. Tiếng sóng biển hòa cùng tiếng la hét của những thủy thủ Venezuela nhảy xuống làn nước đầy dầu loang. Đây không chỉ là một trận hải chiến, đây là hồi kết của một canh bạc nơi Venezuela bị biến thành quân cờ thí mạng cho tham vọng của Bắc Kinh. Hạm đội Mỹ sau khi tung loạt đòn Tomahawk và trực thăng Seahawk đã kiểm soát gần như toàn bộ vùng biển. Nhưng Donald Trump không ra lệnh kết thúc ngay. Ông muốn toàn thế giới chứng kiến rằng Mỹ không chỉ thắng mà thắng một cách tuyệt đối. Thắng bằng công nghệ, bằng sự lạnh lùng và bằng quyết tâm thép. Đây chính là thông điệp gửi thẳng tới Trung Quốc: Các ngươi có thể giật dây, nhưng chúng tôi mới là kẻ quyết định nhịp nhàng trận chiến. Trong khi đó, những con tàu Venezuela còn sót lại cố gắng chống trả yếu ớt. Một chiếc hộ tống nhỏ mở hết tốc lực, hy vọng thoát khỏi vòng vây. Nhưng UAV trinh sát Mỹ MQ-9 Reaper đã xuất hiện trên bầu trời. Với camera hồng ngoại, Reaper theo dõi từng cử động, chuyển dữ liệu về trung tâm chỉ huy trên tàu khu trục. Chỉ vài phút sau, một quả tên lửa AGM-114 Hellfire được phóng đi. Nó lao vút qua không trung, nhắm thẳng vào con tàu đang tháo chạy. Một ánh chớp bùng sáng, thân tàu vỡ làm đôi. Nước biển Caribe nuốt chửng nó như chưa từng có sự tồn tại. Và rồi im lặng bao trùm vài giây. Nhưng ngay sau đó, những tiếng nổ phụ từ kho đạn chìm sâu dưới nước lại vang lên, tạo thêm những cột khói đen ngòm. Giữa biển lửa, hạm đội Mỹ đứng hiên ngang trên boong tàu Arleigh Burke, quốc kỳ Mỹ tung bay trong gió mạnh, thủy thủ Mỹ đứng thành hàng, mắt hướng về phía chân trời. Họ biết mình vừa làm nên một trận hải chiến mang tính biểu tượng. Trận chiến này không chỉ dập tắt tham vọng của Venezuela mà còn đánh thẳng vào uy tín của Trung Quốc. Bắc Kinh buộc phải im lặng. Họ không thể thừa nhận mình đã ép Venezuela ra mặt, càng không thể công khai bảo vệ một đồng minh vừa thua thảm hại. Đây là tình thế khó xử nhất mà Trung Quốc phải đối mặt trong nhiều năm. Thế giới quan sát, Liên Hợp Quốc họp khẩn nhưng không có nghị quyết nào được thông qua. Các nước Mỹ Latinh lên tiếng kêu gọi hòa bình, nhưng trong thâm tâm họ hiểu rằng Mỹ vừa chứng minh ai mới là kẻ thực sự làm chủ Tây bán cầu. Các chuyên gia quân sự quốc tế phân tích, trận chiến Caribe cho thấy chỉ cần vài tàu khu trục và một lực lượng hỗ trợ nhỏ, Mỹ có thể kiểm soát toàn bộ vùng biển rộng lớn. Đây là ưu thế không một quốc gia nào khác có thể tái hiện. Câu hỏi được đặt ra: Liệu Trung Quốc có dám tiếp tục thách thức ở khu vực khác khi mà ngay tại sân sau của Mỹ họ đã thua trắng? Donald Trump nắm bắt thời cơ. Ông xuất hiện trước ống kính truyền hình, tuyên bố: Hoa Kỳ sẽ không khoan nhượng với bất kỳ hành động nào đe dọa an ninh khu vực. Chúng tôi sở hữu công nghệ vũ khí hiện đại nhất thế giới và chúng tôi sẽ sử dụng nó để bảo vệ hòa bình. Những lời ấy như nhát búa đánh thẳng vào các đối thủ. Trump không chỉ nói cho người dân Mỹ nghe mà còn gửi thông điệp trực tiếp đến Bắc Kinh, Moscow và tất cả những ai đang nuôi mộng thách thức. Hãy hình dung biển Caribe lúc này là bức tranh bi tráng. Ở một bên, những con tàu Mỹ với lớp vỏ thép sáng loáng vững trãi giữa khói lửa. Hệ thống radar vẫn quét đều. Các sĩ quan bình tĩnh quan sát màn hình, từng lệnh truyền đi rõ ràng chính xác. Ở bên kia chỉ còn những mảnh xác tàu Venezuela nổi lềnh bềnh cùng dầu loang và những bóng người bám vào mảnh gỗ chờ được cứu. Họ là những binh sĩ không có lựa chọn, buộc phải chiến đấu trong một ván cờ mà phần thua đã được định trước. Điều gì tạo nên khác biệt đấy? Câu trả lời rất rõ: Công nghệ và chiến lược. Mỹ sở hữu hệ thống Aegis, lá chắn điện tử siêu việt có thể cùng lúc theo dõi hàng trăm mục tiêu. Họ có Tomahawk, tên lửa hành trình với độ chính xác gần như tuyệt đối, bay thấp để xuyên thủng mọi radar lạc hậu. Họ có CIWS Phalanx, bức tường thép bắn ra hàng nghìn viên đạn trong vài giây và họ có UAV MQ-9 Reaper, mắt thần luôn hiện diện trên bầu trời. Quan trọng hơn hết, họ có Donald Trump, người không ngần ngại ra quyết định cứng rắn để chứng minh rằng Mỹ không chỉ mạnh trên giấy tờ mà còn mạnh trong thực tế chiến trường. Trung Quốc có thể im lặng nhưng tổn thất của họ là không thể phủ nhận. Những cơ sở sản xuất ma túy trị giá hàng tỷ đô la bị phá hủy. Venezuela, quân cờ thí, bị đánh tan nát. Toàn bộ hình ảnh về sự hỗ trợ của Bắc Kinh cho đồng minh giờ đây chỉ còn là mớ tro tàn. Và Mỹ không chỉ chiến thắng về quân sự mà còn chiến thắng về chính trị và tâm lý. Thế giới nhìn thấy rằng Washington có thể vừa đánh vừa kiểm soát trận chiến ở mức độ mình mong muốn. Mỹ không bị cuốn vào hỗn loạn, Mỹ làm chủ cuộc chơi. Trận hải chiến Caribe đi vào lịch sử như một minh chứng rằng chỉ cần Mỹ muốn, bất kỳ đối thủ nào cũng có thể bị nghiền nát trong thời gian ngắn. Nhưng câu hỏi mở ra cho phần tiếp theo: Liệu Trung Quốc sẽ tiếp tục im lặng hay họ sẽ chọn cách mở ra một mặt trận mới ở Biển Đông hoặc Thái Bình Dương? Nếu họ chọn leo thang thì trận Caribe này chỉ là màn dạo đầu cho một cuộc đối đầu lớn hơn rất nhiều. Trên boong tàu Mỹ, khi khói lửa dần tan, thủy thủ cẩn thận hạ cờ rủ cho những người đã ngã xuống cả Mỹ và Venezuela. Họ hiểu chiến tranh luôn có cái giá, nhưng đồng thời trong mắt họ ánh lên sự tự hào. Tự hào vì đã chứng minh được sức mạnh vượt trội của Hoa Kỳ. Tự hào vì đã gửi đi thông điệp rằng Donald Trump đã đưa nước Mỹ trở lại vị trí siêu cường không thể thách thức và tự hào vì họ vừa làm nên một trận hải chiến sẽ được nhắc đến trong nhiều năm tới như dấu mốc định đoạt cán cân quyền lực ở Tây Bán Cầu. Biển Caribe ngập trong khói lửa nhưng cũng ngập trong thông điệp. Mỹ đã chiến thắng tuyệt đối. Venezuela đã bị nghiền nát. Trung Quốc đã bị bóc trần và thế giới lại một lần nữa phải công nhận rằng không ai có thể thách thức siêu cường mang tên Hợp chủng quốc Hoa Kỳ. Cảm ơn bạn đã xem hết phân tích của chúng tôi về diễn biến cuộc chiến. Nếu bạn đam mê địa chính trị, sức mạnh quân sự và những gì đang thực sự diễn ra sau hậu trường chiến trường toàn cầu thì Góc Nhìn Quân Sự chính là nơi dành cho bạn. Đừng quên ấn theo dõi kênh.",
    "images": [],
    "relevant-users": [],
    "url": [],
    "publishedAt": "2025-09-09T01:00:26Z",
    "pageId": "UCqGiq_h7HcjijmeAPUxs-9w"
}