{
    "page-url": "",
    "post-url": "",
    "text": "CHUYỆN HUY NGHIỆN ĂN KẸO ĐỒNG Ở MỸ: ANH EM VIỆT TÂN LẠI TANG CHỒNG TANG.\nMạng xã hội đang xôn xao chuyện Huy nghiện (Trương Quốc Huy) bị ăn kẹo đồng trong 1 vụ xả súng tại Mỹ. Nếu đúng đây là thông tin thật thì cũng đen cho anh em Việt Tân vì đã phải hụt hơi ngay giữa xứ thiên đường.\nTrương Quốc Huy từng là một đối tượng chống phá Nhà nước rất cực đoan, Huy từng cấu kết với Lisa Phạm, một thành viên của tổ chức khủng bố Việt Tân, từng rải truyền đơn chống phá nhà nước và bị kết án 6 năm tù, ra tù năm 2011 để đến được với xứ thiên đường, Huy đã trốn sang Thái Lan, sau đó được anh em tổ chức khủng bố Việt Tân đưa sang Mỹ tị nạn.\nSang Mỹ, dưới sự chỉ đạo của tổ chức khủng bố Việt Tân, Trương Quốc Huy tiếp tục lập kênh trên Youtube, Facebook hàng ngày suy diễn, xuyên tạc chống phá Nhà nước điên cuồng. Thế nhưng, Phạm Minh Vũ chưa được 100 ngày thì hôm nay lại nghe tin Huy bị xả súng. Thật là buồn cho anh em Việt Tân, không biết ăn ở với bố Mẽo thế nào mà anh em Việt Tân năm nay lại phải tang chồng tang (trùng tang) liến tiếp như thế chứ😆???\nGiang Lam",
    "caption":"",
    "images": [
        "https://www.facebook.com/photo/?fbid=371878341698393&set=gm.3704260663133996"
    ],
    "relevant-users": [],
    "url": [],
    "publishedAt":"",
    "pageId":""
}
