{
    "page-url": "https://www.youtube.com/@gocnhinquansu-b6h",
    "post-url": "https://www.youtube.com/watch?v=sop-B_8OmXA",
    "title": "Mỹ Khóa Cứng Biển Caribe – B-2 Xóa Sổ Kho Vũ Khí Venezuela!",
    "text": "Mỹ đã tung đòn hủy diệt… khi Donald Trump ra lệnh xóa sổ toàn bộ kho vũ khí của Trung Quốc đặt tại Venezuela.\nNhững quả Tomahawk, F-35 và B-2 Spirit đã biến căn cứ quân sự thành biển lửa… khiến Caracas tê liệt hoàn toàn.\nNga và Trung Quốc giận dữ, nhưng trước sức mạnh tuyệt đối của Hoa Kỳ… Bắc Kinh buộc phải iim lặng.\n\nĐây không chỉ là một trận chiến quân sự… mà còn là thông điệp chiến lược gửi tới toàn thế giới:\n“Đừng bao giờ thách thức nước Mỹ.”\n#My #TrungQuoc #Venezuela #DonaldTrump #VuKhiMy #Caribe #USNavy #F35 #B2#GocNhinQuanSu  \n#PhanTichChienTranh  \n#TinQuocPhong  \n#VuKhiHienDai  \n#QuanSuTheGioi  \n#DiaChinhTriToanCau  \n#ChienTruong2025  \n#TinQuocTeNong  \n#QuanDoiTheGioi  \n#MilitaryAnalysis\n⚠️ KHUYẾN CÁO\nNhững nội dung được trình bày trong video này có thể là giả định, phân tích mô phỏng hoặc kịch bản hư cấu, được xây dựng với mục đích giáo dục, phân tích chiến lược và giải trí.\n\nMọi sự trùng lặp về tên nhân vật, địa điểm, đơn vị quân đội hay sự kiện thực tế – nếu có – chỉ là ngẫu nhiên và không mang ý định xúc phạm bất kỳ cá nhân hay tổ chức nào.\n\nKênh cam kết không cổ vũ bạo lực, thù hận hay hành vi kích động chiến tranh. Toàn bộ nội dung thể hiện góc nhìn phân tích và không đại diện cho bất kỳ chính phủ, tổ chức hay tư tưởng chính trị nào.\n\n🎯 Quý khán giả vui lòng xem với tinh thần tỉnh táo, chọn lọc và tôn trọng nhiều chiều thông tin. Mọi phản hồi mang tính xây dựng luôn được hoan nghênh.",
    "caption": "Trung Quốc đã đổ hàng chục tỷ đô la để dựng lên cả một mạng lưới sản xuất ma túy khổng lồ tại Venezuela không phải để phục vụ trong nước mà để tuồn thẳng sang Hoa Kỳ. Mục tiêu là gì? Đầu độc người dân Mỹ phá nát sức mạnh của một quốc gia từ bên trong. Nhưng trước kế hoạch đầy hiểm độc ấy, một người đã đứng lên. Một vị tổng thống khẳng định nước Mỹ sẽ không bao giờ quỳ gối. Ông ra lệnh triệt phá tận gốc từng cơ sở ma túy do Bắc Kinh dựng lên từ Caribe, Châu Phi cho đến tận Nam Mỹ. Và khi nguồn thu khổng lồ của Trung Quốc bắt đầu tan biến, những kẻ giật dây đã buộc Venezuela phải ra tay, mở màn cho một chuỗi sự kiện làm cả thế giới rúng động. Liệu Trung Quốc muốn dùng ma túy trở thành một loại vũ khí hay đơn giản vì nguồn thu khổng lồ? Chào mừng bạn đến với Góc nhìn quân sự. Hôm nay chúng ta sẽ vẽ màn cho sự thật này. Ma túy chưa bao giờ chỉ là vấn đề tội phạm. Nó đã trở thành một công cụ chính trị, một loại vũ khí chiến lược. Trong nhiều năm qua, giới tình báo Mỹ đã liên tục phát hiện những dòng tiền khổng lồ chảy từ Bắc Kinh ra khắp các khu vực sản xuất ma túy trên thế giới. Không phải vô cớ mà các tập đoàn hóa chất ở Trung Quốc lại trở thành nguồn cung cấp nguyên liệu lớn nhất cho Fentanil và các loại chất gây nghiện tổng hợp. Bằng cách đổ hàng chục tỷ đô la vào chuỗi sản xuất, Trung Quốc âm thầm biến ma túy thành một vũ khí hóa học mềm, nhắm thẳng vào xã hội Mỹ. Câu hỏi đặt ra:  \"Tại sao họ lại chọn ma túy? \" Câu trả lời đơn giản, vì nó không cần quân đội, không cần vũ khí hạt nhân mà vẫn có thể làm lung lay nền tảng của một cường quốc. Khi hàng trăm nghìn thanh niên Mỹ rơi vào vòng xoáy nghiền ngập, sức lao động giảm sút, niềm tin xã hội lung lay và quan trọng hơn, quân đội sẽ thiếu đi những công dân khỏe mạnh để phục vụ. Đó chính là cuộc chiến âm thầm mà Trung Quốc muốn tiến hành. Thế nhưng Hoa Kỳ không dễ bị hạ gục. Ngay từ đầu nhiệm kỳ, Donald Trump đã tuyên bố nước Mỹ không chỉ bảo vệ biên giới mà còn bảo vệ từng người dân khỏi mọi âm mưu thâm độc. Và chiến trường đầu tiên ông chọn chính là cuộc chiến chống ma túy xuyên quốc gia. Những chiến dịch đặc nhiệm được triển khai. Lực lượng DEA phối hợp với CIA cùng sự hỗ trợ của hải quân và không quân Mỹ. Các tàu khu trục lớp Alebg tuần tra sát Caribe, nơi được coi là cửa ngõ để ma túy tuồn vào đất Mỹ. Tàu ngầm Virginia lặng lẽ thu thập thông tin tình báo dưới đáy biển, theo dõi mọi đường dây liên lạc từ Nam Mỹ về châu Á. Trên bầu trời, UAVMQ9 Reaper quần thảo ngày đêm ghi lại từng chuyến hàng khả nghi, từng đường băng nhỏ trong rừng rậm mà Ca Tèo ma túy sử dụng. Có thể nói, lần đầu tiên trong lịch sử, một chiến dịch quân sự hóa toàn diện đã được áp dụng cho cuộc chiến chống ma túy và kết quả đến rất nhanh. Hàng chục kho chứa hóa chất tiền chất bị phá hủy. Nhiều phòng thí nghiệm ngầm do kỹ sư Trung Quốc dựng lên tại Nam Mỹ bị đặc nhiệm Mỹ đột kích. Hình ảnh vệ tinh cho thấy những khu nhà máy từng rực sáng ánh đèn này chỉ còn lại đống cho tàn. Điều này đồng nghĩa Trung Quốc mất đi nguồn thu hàng chục tỷ đô la chỉ trong vài tháng. Cần nhớ rằng Bắc Kinh đã coi hoạt động này như một kênh tài chính ngầm để bù đắp cho những lĩnh vực đang suy yếu vì lệnh cấm vận. Nhưng khi nguồn tiền ấy biến mất, Trung Quốc rơi vào thế tiến thoái lưỡng nàn. Liệu họ có dám công khai thừa nhận rằng mình đứng sau những mạng lưới sản xuất ma túy? Hoàn toàn không. Thay vào đó, họ chọn một con đường khác, sử dụng Venezuela làm quân cờ. Venezuela vốn từ lâu đã phụ thuộc nặng nề vào cả Nga lẫn Trung Quốc. Kho vũ khí, kho đạn, thậm chí cả hệ thống radar phòng không đều được cung cấp từ Moscow và Bắc Kinh. Và quan trọng hơn, lãnh đạo Venezuela biết rõ nếu không tỏ ra hữu hảo với hai thế lực ấy thì dòng viện trợ sẽ dừng lại. Chính vì vậy, khi Trung Quốc ra tín hiệu, Karacas lập tức sẵn sàng. Họ bắt đầu gia tăng thử nghiệm tên lửa hành trình chống hạm. Những bức ảnh vệ tinh do lầu năm góc công bố cho thấy nhiều bệ phóng mới được triển khai dọc bờ biển Caribe. Rõ ràng Venezuela đang được xúi dục chuẩn bị cho một đòn tập kích. Đòn tập kích ấy không nhắm vào Colombia, không nhắm vào các quốc gia láng giềng mà nhắm thẳng vào những chiến hạm Mỹ đang tuần tra ở Caribe. Một câu hỏi đặt ra tại sao lại chọn tấn công vào Mỹ? Câu trả lời vì họ muốn gửi đi thông điệp rằng nếu Mỹ dám động tới nguồn lợi nhuận của Trung Quốc thì sẽ phải trả giá ngay trong chính sân sau của mình. Đó là một tính toán táo bạo nhưng cũng đầy liều lĩnh. Donald Trump không phải là người có thể bị đe dọa. Ngay sau khi tình báo Mỹ phát hiện dấu hiệu bất thường, ông đã cảnh báo bất kỳ cuộc tấn công nào vào tàu chiến Mỹ sẽ bị coi là hành động tuyên chiến. Nhưng Venezuela đã bỏ ngoài tai. Sự hậu thuẫn ngầm từ Trung Quốc khiến họ tin rằng Mỹ sẽ ngần ngại. Họ không biết rằng chính điều này đã mở màn cho một cơn bão lừa khủng khiếp sắp trút xuống Karacas. Những ngày cuối mùa hè, khi hải quân Mỹ tiến hành diễn tập định kỳ ở phía Nam Caribe thì Venezuela bất ngờ khai hỏa. Hàng chục quả tên lửa chống hạm lao đi trong đêm tối. Radar cảnh báo sớm trên các chiến hạm Mỹ lập tức phát tín hiệu đỏ rực. Thủy thủ đoàn vào vị trí chiến đấu. Hệ thống Aigis khởi động. Các quả đạn đánh chặn SM6 gầm thét xé màn đêm. CWS Phalang xoay nòng liên tục, bắn ra hàng nghìn viên đạn trong vài giây, tạo thành những vòng cung lửa trên bầu trời. Từng quả tên lửa Venezuela bị thổi tung thành những quả cầu lửa rơi xuống biển Caribe và rồi chỉ còn một vài quả lọt qua được nhưng cũng chỉ đủ gây ra những vết cháy nhỏ trên bung tàu, không một thủy thủ Mỹ nào thương vong. Trong khi đó, toàn bộ thế giới đều chứng kiến cảnh tượng này qua những đoạn video được công bố ngay trong đêm. Một lần nữa, người ta phải tự hỏi Venezuela đang nghĩ gì khi dám thách thức Hoa Kỳ? Donald Trump lập tức xuất hiện trên sóng truyền hình. Ông nói ngắn gọn, Venezuela đã vượt qua làn danh đỏ Mỹ sẽ đáp trả. Và lời tuyên bố ấy chính là cầu nối dẫn chúng ta tới phần tiếp theo khi sức mạnh quân sự Mỹ được tung ra toàn diện. Nhưng hãy dừng lại một chút nhìn vào bức tranh rộng lớn hơn. Nếu ma túy là một vũ khí mềm thì những quả tên lửa Venezuela chỉ là phần nổi của tảng băng. Đằng sau nó là sự toan tính của Bắc Kinh. Họ đã thất bại trong âm mưu đầu độc người dân Mỹ và giờ đây, họ muốn thử một trò chơi nguy hiểm hơn bằng cách dùng Venezuela làm bia đỡ đạn. Câu hỏi dành cho tất cả chúng ta: Thế giới sẽ đi về đâu nếu những âm mưu này không bị chặn đứng? Liệu còn quốc gia nào đủ sức đứng ra ngăn cản? Câu trả lời đã rõ. Chỉ có Mỹ với công nghệ quân sự vượt trội, với quyết tâm không lay chuyển của Donald Trump mới có thể giữ được cán cần sức mạnh. Đêm Caribe tĩnh lặng, bất ngờ bị xé toạc bởi những vệt sáng chói lòa lao ra từ bờ biển Venezuela. Hàng chục quả tên lửa chống hạm được phóng lên, rít gào xuyên qua bầu trời đen đặc, tạo thành một bức màn lửa khủng khiếp hướng về phía các chiến hạm Mỹ đang tuần tra. Đây không phải là một cuộc thử nghiệm thông thường mà là một đòn tập kích có tính toán được lên kịch bản từ trước và trên hết. Nó mang dấu vết của những thế lực đứng sau. Venezuela, một quốc gia vốn đã lụn bại về kinh tế, quân đội phụ thuộc nặng nề vào viện trợ từ Nga và Trung Quốc. Liệu có đủ năng lực để đơn độc khơi mào hay đây chỉ là bàn tay gián tiếp của Bắc Kinh và Moscova muốn thử thách sức chịu đựng của Washington? Câu hỏi ấy khiến cả thế giới hồi hộp dõi theo. Trên mặt biển Caribe, biên đội tàu khu trục lớp Alberg cùng các chiến hạm hỗ trợ đang trong trạng thái diễn tập. Raidar cảnh giới SPY 1D trên USS Porter bất ngờ rung chuông báo động. Chỉ trong vài giây, toàn bộ hệ thống chiến đấu được kích hoạt. Ngay lập tức, không gian trên bung tàu biến thành một cơn bão kim loại. Những ống phóng thẳng đứng VLS bật mở. Tên lửa đánh chặn SM6 lao vút đi để lại vệt sáng xanh rực trên nền trời. Ở cự ly gần, hệ thống pha CWS xoay nòng tốc độ cực cao, nhả ra hàng nghìn viên đạn chỉ trong vài giây, tạo thành những vòng cung lửa đan sen như một bức tường thép di động chắn ngang đường bay của tên lửa đối phương. Tiếng nổ liên hoàn vang dội khắp mặt biển. Từng quả đạn Venezuela bị chặn lại, nổ tung thành những quả cầu lửa rực sáng rồi cắm đầu xuống làn nước Caribe đen thẫm. Có quả bị cắt đôi giữa không trung, mảnh vỡ rơi vãi như mưa kim loại. Một vài quả vượt qua được tầng lưới phòng thủ. Nhưng khi còn cách mục tiêu vài trăm mét, chúng bị hệ thống Siram và Iron Dome hải quân tiêu diệt nốt. Kết quả chỉ vài mảnh văng rơi trúng bung tàu tạo nên những vết cháy đen nhưng hoàn toàn không gây ra thương vòng. Điều đáng nói đây không phải là hành động ngẫu nhiên. Tình báo Mỹ đã sớm cảnh báo về việc Venezuela triển khai các bệ phóng tên lửa hành trình YJ83, một loại vũ khí do Trung Quốc chuyển giao, dọc bờ biển. Hình ảnh vệ tinh cho thấy các khu căn cứ mới xây dựng, có cả kỹ sư nước ngoài xuất hiện. Nhiều báo cáo còn khẳng định cố vấn Nga cũng đã tới Caracas để hướng dẫn sử dụng hệ thống phòng thủ bờ. Vậy nên khi loạt tên lửa ấy được phóng đi, thế giới hiểu rằng đây là đòn đánh thay mặt cho Trung Quốc và Nga. Nhưng tại sao lại chọn thời điểm này? Bởi ngay trước đó, hàng loạt cơ sở sản xuất ma túy do Bắc Kinh đầu tư ngầm đã bị đặc nhiệm Mỹ triệt phá. Nguồn thu hàng chục tỷ đô la bị cắt đứt khiến Trung Quốc không thể ngồi yên. Họ cần một cú phản công để gửi thông điệp và Venezuela chính là quân cờ sẵn sàng chịu thiệt thài. Khi tin tức về vụ tập kích lan ra, cả thế giới bàng hoàng. Nhiều kênh truyền hình quốc tế phát đi hình ảnh các chiến hạm Mỹ phủ trong ánh sáng đỏ của báo động. Câu hỏi liệu đây có phải là khởi đầu của một cuộc chiến mới ở Caribbe? Các nhà phân tích quân sự ngay lập tức đưa ra đánh giá Venezuela có thể phóng đi vài chục tên lửa, nhưng khả năng sản xuất và dự trữ của họ không đủ để duy trì một chiến dịch dài hơi. Hơn nữa, toàn bộ hệ thống vũ khí mà họ sở hữu đều dựa vào viện trợ từ bên ngoài. Một khi Mỹ phản công toàn diện, Caracas khó lòng trụ nổi. Donald Trump xuất hiện ngay sau đó trong một bài phát biểu ngắn trên sóng truyền hình toàn quốc. Giọng ông dứt khoát không vòng vo. Đêm nay, Venezuela đã vượt qua làn ranh đỏ. Chúng tôi sẽ không để bất kỳ quốc gia nào, dù nhỏ hay lớn tấn công người Mỹ mà không bị trừng phạt. Hoa Kỳ sẽ đáp trả mạnh mẽ và tức thì. Các nghị sĩ Cộng hòa lẫn dân chủ đều hiểu khi Trump đã tuyên bố thì quân đội Mỹ sẽ hành động ngay và hành động ấy sẽ không chỉ dừng lại ở việc phòng thủ. Tại lầu Nam Góc, hội đồng tham mưu trưởng Liên Quân khẩn trương nhóm họp. Các phương án phản công được vạch ra. Hải quân đề xuất tấn công chính xác vào các bệ phóng tên lửa ven biển. Không quân muốn sử dụng B2 Spirit mang bom xuyên phá GBU 57 để san phẳng toàn bộ kho chứa đạn ngầm. Thủy quân lục chiến đề nghị triển khai một lực lượng đặc nhiệm nhằm chiếm giữ các kho vũ khí chiến lược trước khi chúng bị di rời. Cuối cùng, Trump kết luận ngắn gọn, hãy dùng tất cả những gì tốt nhất mà chúng ta có để chấm dứt mối đe dọa này trong một đêm. Trong khi đó tại Caracas, giới lãnh đạo Venezuela tỏ ra hả hê. Họ tin rằng đòn tập kích vừa rồi sẽ khiến Washington phải dè chừng. Truyền thông nhà nước tung hồ gọi đây là chiến thắng caribe. Nhưng sự thật thì sao? Những tên lửa của họ hầu như chẳng gây ra thiệt hại nào cho Mỹ. Và điều tồi tệ hơn, họ đã chọc giận siêu cường quân sự số một thế giới. Có lẽ họ đã quên Mỹ từng dùng chỉ một chiến dịch Shock and để khiến Iraq gục ngã trong vài ngày. Có lẽ họ không biết. Công nghệ tảng hình của F35 và F22 đã đủ sức xuyên thủng mọi hệ thống radar mà họ sở hữu. Và có lẽ họ quá ảo tưởng khi nghĩ rằng vài chục quả tên lửa có thể khiến hạm đội Mỹ phải lùi bước. Cả thế giới lại đặt câu hỏi Trung Quốc thực sự muốn gì khi xúi dục Venezuela? Câu trả lời không khó đoán. Họ muốn kéo Mỹ vào một cuộc xung đột mới làm phân tán lực lượng. Họ muốn tạo ra sự bất ổn ngay trong sân sau của Mỹ, buộc Washington phải chia lửa, từ đó giảm bớt áp lực ở châu Á, Thái Bình Dương. Nhưng Bắc Kinh đã quên một điều quan trọng. Khả năng tác chiến đa hướng của Mỹ đã được chứng minh suốt nhiều thập kỷ. Hạm đội ở Thái Bình Dương, ở Địa Trung Hải, ở Caribbe, tất cả đều có thể hoạt động độc lập nhưng vẫn phối hợp trong một hệ thống chỉ huy thống nhất. Và khi Donald Trump ra lệnh, toàn bộ cỗ máy khổng lồ ấy sẽ vận hành trơn chu như một bản nhạc chiến tranh hoàn hảo. Đêm Caribe vẫn chưa yên, trên bung tàu USS Regan phi công A18 đã sẵn sàng cất cánh. Trong lòng đại dương, tàu ngầm Virginia lặng lẽ mở ống phóng chuẩn bị cho loạt Thomah Hawk đầu tiên. Tại căn cứ không quân ở Florida, những chiếc B2 Spirit lặng lẽ lăn bánh ra đường băng. Đó không còn là lời cảnh cáo mà là khởi đầu cho một đòn phản công hủy diệt. Nhìn lại đòn tập kích vô vọng của Venezuela, giới quan sát phải thừa nhận một điều, nó không đủ để làm Mỹ tổn thương, nhưng đủ để biện minh cho một cuộc phản công toàn diện. Và trong cuộc chơi này, kẻ yếu thế sẽ phải trả giá. Donald Trump hiểu rõ, không thể để bất kỳ đồng minh nào của Trung Quốc nghĩ rằng họ có thể thách thức Mỹ mà không bị trừng phạt. Ông muốn gửi đi thông điệp Mỹ không chỉ là quốc gia mạnh nhất mà còn là quốc gia sẵn sàng hành động để bảo vệ vị thế ấy. Khi những quả tên lửa Venezuela rơi xuống biển, chúng không chỉ thất bại về mặt quân sự mà còn vô tình mở ra cánh cửa cho một cơn bão lửa khủng khiếp trút xuống Caracas. Đó sẽ là những ngày mà kho vũ khí khổng lồ do Nga và Trung Quốc cung cấp lần lượt bị tiêu diệt. Đó sẽ là lúc máy bay radar kho đạn của Venezuela nổ tung trong biển lửa. Và đó cũng chính là nơi Mỹ triển khai những vũ khí hiện đại nhất để kết liễu một đối thủ đã tự mình lao vào ngõ cụt. Trận tập kích vô vọng của Venezuela đã khép lại bằng những quả cầu lửa rơi xuống biển Caribe nhưng dư chấn của nó thì còn đó. Trong phòng họp khẩn cấp của lầu Năm Góc, ánh mắt của các tướng lĩnh Mỹ đều hướng về người đàn ông ngồi ở trung tâm Donald Trump. Ông không mất nhiều thời gian để đưa ra quyết định. Chúng ta sẽ hành động ngay trong đêm nay. Mỹ phải dập tắt tận gốc mối đe dọa này và toàn thế giới cần thấy kết quả. Câu nói ấy không chỉ là mệnh lệnh mà là lời tuyên chiến. Trên mặt biển Caribe, bóng đêm dày đặc che phù hạm đội Mỹ. US Reagan niềm kiêu hãnh của hải quân Hoa Kỳ trở thành trung tâm chỉ huy nổi. Trên buông tàu, hàng chục tiềm kích ép A18E Super Honoret xếp hàng ngay ngắn, động cơ gầm rít ánh lửa phụt đỏ rực trong màn đêm. Cách đó không xa, tàu ngầm tấn công hạt nhân lớp Virginia đang lặng lẽ di chuyển. Ống phóng tên lửa Thomas Hawk đã sẵn sàng mở nắp và trên bầu trời cao, những chiếc máy bay tàng hình B2 Spirit vừa cất cánh từ Florida bay theo đội hình tiến thẳng về phía Nam. Mọi thứ đã được sắp đặt. Cỗ máy chiến tranh khổng lồ của Mỹ bắt đầu vận hành. Mục tiêu số một chính là các kho vũ khí của Venezuela, nơi tập trung đạn dược, tên lửa và máy bay do Nga và Trung Quốc cung cấp. Tình báo Mỹ đã theo dõi chúng từ lâu. Hình ảnh vệ tinh, dữ liệu UAV và cả tin tức thu thập từ đặc nhiệm cài cắm đều chỉ rõ tọa độ từng cơ sở, không có chỗ nào để trốn thoát. Đợt tấn công mở màn bắt đầu bằng loạt Thomah Hawk phóng đi từ tàu ngầm Virginia và tàu khu trục USS Porter. Những quả tên lửa hành trình bay thấp, bám sát địa hình, lao vút qua các thung lũng và rừng rậm Venezuela. Mỗi quả mang đầu đàn nặng gần 500 kg, đủ sức phá hủy một khu nhà máy chỉ với một lần trung đích. Chỉ vài phút sau, các kho đạn lớn nhất tại căn cứ Marcay bốc cháy dữ dội. Những vụ nổ liên hoàn nối tiếp nhau, từng cột lửa cao hàng chục mét xé rách màn đêm. Người dân Caracas có thể nhìn thấy bầu trời đỏ rực từ cách đó hàng chục km. Chưa kịp định thần, Venezuela tiếp tục hứng chịu đợt tấn công thứ hai. Từ bung USS Regan biên đội F A18 lao lên không trung, mang theo bom dẫn đường Jdam và tên lửa chống Radar Ham. Chúng chia thành nhiều top, bay ở độ cao thấp để tránh bị phát hiện. Khi tới gần mục tiêu, từng quả Jdam tách khỏi thân máy bay, lao xuống kho chứa nhiên liệu và trung tâm điều hành. Những vụ nổ trồng lên nhau, tạo thành một biển lửa khổng lồ. Raider phòng không của Venezuela bật lên, nhưng ngay lập tức bị tên lửa ham khóa mục tiêu và phá hủy. Trong vài phút, toàn bộ hệ thống phòng không bờ biển tê liệt. Donald Trump theo dõi diễn biến trực tiếp từ phòng tình huống Nhà Trắng. Màn hình trước mặt ông hiện rõ từng vụ nổ, từng tín hiệu radar đối phương biến mất. Ông khẽ gật đầu rồi nói,  \"Đây là sức mạnh công nghệ của Mỹ và bất kỳ kẻ nào dám thách thức chúng ta sẽ phải chứng kiến điều tương tự. \" Ở một hướng khác, hai chiếc B2 Spirit bay ở độ cao 15 km, gần như vô hình trước mỏi radar. Chúng mang theo những quả bom xuyên phá GBU57, loại vũ khí khổng lồ nặng gần 14 tấn, được thiết kế để phá hủy các hầm ngầm kiên cố nhất. Mục tiêu của chúng: căn cứ ngầm dưới lòng đất tại Valencia, nơi được cho là chứa lượng lớn tên lửa đạn đạo do Nga cung cấp. Bom được thả xuống, xuyên qua hàng chục mét đất đá và bê tông, rồi phát nổ với sức công phá khủng khiếp. Toàn bộ căn cứ dùng chuyển, mái hầm sụp đổ, kho chứa phát nổ dây chuyền, âm thanh vang dội như một trận động đất nhân tạo. Với một đòn duy nhất, năng lực tấn công tầm xa của Venezuela gần như bị xóa sổ. Trên các đường băng quân sự, những chiếc Su30 và Su35 còn chưa kịp cất cánh thì đã bị tiêu diệt. Các UAV MQ9 Reaper bay lượn trên cao, truyền hình ảnh trực tiếp về trung tâm chỉ huy. Khi thấy mục tiêu tập trung trên đường băng, chúng phóng tên lửa AG14 Hellfire chính xác đến từng mét. Những chiếc máy bay trị giá hàng chục triệu đô la bốc cháy nổ tung thành từng mảnh. Phi công Venezuela hoảng loạn, nhiều người chưa kịp lên buồng lái đã phải bỏ chạy. Sức mạnh của Mỹ không chỉ đến từ hỏa lực mà còn từ chiến tranh điện tử. Trước giờ tấn công, máy bay EA18 Growler đã bay vào khu vực, phát sóng gây nhiễu toàn bộ hệ thống thông tin đối phương. Kết quả quân đội Venezuela rơi vào tình trạng mù và điếc. Mệnh lệnh từ Sở chỉ huy không thể tới các đơn vị. Radar không thể bắt được tín hiệu của máy bay Mỹ. Toàn bộ mạng lưới phòng thủ rối loạn, không biết phải phản ứng ra sao. Trong khi đó, các binh sĩ trên mặt đất Venezuela hoảng loạn trước biển lửa trút xuống. Họ chưa bao giờ chứng kiến một chiến dịch tấn công quy mô và chính xác đến vậy. Nhiều người bỏ chạy khỏi vị trí, số khác bị chôn vùi trong những kho vũ khí nổ tung. Tiếng kêu la, tiếng nổ liên tiếp hòa thành một khung cảnh hỗn loạn kinh hoàng và tất cả diễn ra chỉ trong vài giờ đồng hồ. Truyền thông quốc tế lập tức đưa tin CNN, BBC, Reuters đều phát sóng trực tiếp hình ảnh vệ tinh về các đám cháy khổng lồ ở Venezuela. Các chuyên gia quân sự nhận định đây là một trong những chiến dịch không kích chính xác và hiệu quả nhất trong lịch sử hiện đại, chỉ đứng sau chiến dịch Shock NAQ. Một lần nữa, công nghệ quân sự Mỹ được chứng minh là không có đối thủ. Vậy phản ứng của Nga và Trung Quốc ra sao? Mascova tỏ ra giận dữ nhưng không thể gửi viện trợ tức thì. Quân đội Nga đang bị xa lẩy ở nhiều mặt trận khác, không đủ nguồn lực để can thiệp. Còn Bắc Kinh, họ càng tức tối hơn khi những vũ khí do họ cung cấp bị phá hủy trong nháy mắt. Nhưng họ vẫn phải im lặng bởi đối đầu trực diện với Mỹ ở sân sau Caribe chẳng khác nào tự sát. Đối với Donald Trump, chiến dịch này không chỉ là trả đũa mà còn là thông điệp chiến lược. Ông muốn chứng minh rằng Mỹ không chỉ phòng thủ mà sẵn sàng tấn công trực diện vào bất kỳ quốc gia nào dám trở thành công cụ cho các thế lực thù địch. Ông muốn thế giới thấy mọi vũ khí do Nga và Trung Quốc cung cấp đều có thể bị xóa sổ chỉ trong vài giờ dưới hỏa lực Mỹ. Và ông muốn gửi tới Bắc Kinh lời cảnh báo. Đừng tưởng rằng có thể sử dụng ma túy hay đồng minh yếu ớt để làm Mỹ suy yếu, hậu quả sẽ còn tồi tệ hơn những gì các người tưởng tượng. Câu hỏi đặt ra cho người nghe: Nếu Mỹ không ra tay quyết liệt, liệu bao nhiêu kho ma túy, bao nhiêu căn cứ vũ khí nữa sẽ mọc lên ở Nam Mỹ? Nếu Donald Trump không đưa ra quyết định kịp thời, liệu người dân Mỹ có thể an toàn trước âm mưu thâm độc ấy? Và nếu không có sức mạnh công nghệ vượt trội của quân đội Hoa Kỳ, ai đủ khả năng ngăn chặn một thảm họa ngay từ khi nó chưa kịp bùng phát. Khi bình minh ló dạng trên Caracas, bầu trời vẫn nhuộm màu khói lửa. Những cột khói đen khổng lồ vẫn cuồn cuộn bốc lên từ các kho vũ khí bị phá hủy. Mặt đất vẫn rung chuyển bởi những vụ nổ dây truyền chưa dứt và hàng nghìn binh sĩ Venezuela đã nằm lại trong đêm. Một đêm mà lịch sử đất nước họ sẽ ghi nhớ mãi. Như minh chứng cho sự liều lĩnh ngu ngốc khi dám thách thức Hoa Kỳ, Donald Trump lại xuất hiện trên truyền hình. Lần này với giọng trầm hơn nhưng cũng đầy uy lực. Chúng ta đã hành động và kết quả đã rõ ràng. Bất kỳ thế lực nào sử dụng đồng minh để gây hấn với nước Mỹ sẽ chịu chung số phận. Hoa Kỳ sở hữu công nghệ vũ khí hiện đại nhất và chúng tôi sẽ không ngần ngại dùng nó để bảo vệ người dân mình. Những lời ấy không chỉ dành cho Venezuela, nó dành cho cả Trung Quốc. Kẻ đứng sau âm mưu ma túy, kẻ tưởng rằng có thể làm Mỹ suy yếu từ trong lòng xã hội. Nó dành cho cả Nga, kẻ tiếp tục xuất khẩu vũ khí để nuôi dưỡng bất ổn. Và nó cũng dành cho toàn thế giới. Như một tuyên bố rằng nước Mỹ vẫn là trụ cột cuối cùng của trật tự toàn cầu, Mỹ đã không chỉ phòng thủ mà đã chủ động tấn công, phá tan mọi mầm mống nguy hiểm ngay từ gốc rễ. Venezuela gần như tê liệt hoàn toàn. Trung Quốc giận dữ nhưng buộc phải im lặng. Nga mất mặt khi kho vũ khí viện trợ bị thiêu dụi và Hoa Kỳ dưới sự chỉ huy quyết đoán của Donald Trump lại một lần nữa chứng minh sức mạnh tuyệt đối của mình. Nhưng câu hỏi vẫn còn đó. Sau cơn mưa bom đạn này, thế giới sẽ phản ứng thế nào? Liệu Trung Quốc có tiếp tục leo thang hay sẽ lùi lại trước sức mạnh Mỹ? Liệu Nga có dám tái viên trợ hay sẽ rút lui để tránh thêm một thất bại bẽ bảng? Và quan trọng nhất, liệu chiến dịch này có đủ để chấm dứt mọi âm mưu từ phía sau hay chỉ là khởi đầu của một vòng xoáy nguy hiểm hơn? Bình minh tại Caracas, không giống bất kỳ buổi sáng nào trong lịch sử Venezuela. Khói đen đặc của phủ kín bầu trời, những ngọn lửa vẫn bùng lên từ các kho vũ khí bị phá hủy và tiếng nổ dây chuyền chưa ngừng dội vàng khắp thủ đồ. Những binh sĩ còn sống sót nhìn nhau trong tuyệt vọng bởi toàn bộ hệ thống quân sự mà họ từng tự hảo đã biến thành cho bụi chỉ sau một đêm. Máy bay chiến đấu Su30 Su 35 bị xé nát trên đường bằng. Kho đạn tại Marakai bốc cháy đến tận trưa vẫn chưa dập tắt. Căn cứ ngầm Valencia từng được quảng bá là pháo đài bất khả xâm phạm nay chỉ còn là hố sâu đồ nát. Hàng nghìn binh sĩ thiệt mạng hoặc mất tích. Toàn bộ năng lực tấn công chiến lược của Venezuela đã bị xóa sổ. Truyền thông quốc tế liên tục đưa tin CNN, BBC, Reuters đồng loạt khẳng định đây là chiến dịch tấn công chính xác, nhanh gọn và hiệu quả khiến Venezuela hoàn toàn tê liệt chỉ sau vài giờ. Các tờ báo lớn đặt câu hỏi:  \"Liệu có quốc gia nào trên thế giới ngoài Hoa Kỳ đủ sức tung ra một đòn hủy diệt như vậy? Câu trả lời đã quá rõ ràng. Trong khi đó ở Bắc Kinh, không khí căng thẳng bao trùm. Những vũ khí do họ viện trợ cho Venezuela bị thiêu dụi ngay trên sóng truyền hình quốc tế. Cả thế giới đều biết Trung Quốc đứng sau âm mưu ma túy, đứng sau sự liều lĩnh của Karacas. Nhưng phản ứng chính thức từ Bắc Kinh chỉ là một vài câu tuyên bố mờ nhạt lên án hành động đơn phương của Mỹ. Không có thêm lời đe dọa, không có động thái quân sự, chỉ là một sự im lặng đầy cay đắng. Tại sao Trung Quốc lại im lặng? Bởi họ hiểu quá rõ cán cân sức mạnh. Để can thiệp trực tiếp vào Caribe, Trung Quốc phải triển khai hải quân vượt nửa vòng trái đất. Nhưng ngay cả khi tới được nơi, hạm đội của họ cũng không thể so sánh với sức mạnh áp đảo của Mỹ. Còn nếu lựa chọn leo thang tại Thái Bình Dương, họ sẽ đối mặt ngay lập tức với hạm đội số 7 với những căn cứ vững chắc của Mỹ tại Guam, Okinawa và Hawaii, đó sẽ là tự sát. Vậy nên họ buộc phải nuốt giận, nuốt luôn cả thất bại chiến lược vừa phơi bày trước toàn thế giới. Về phía Nga phản ứng cũng không khác hơn. Kremlin tuyên bố lên án Mỹ nhưng ngoài những lời lẽ cứng rắn, họ cũng chẳng thể làm gì. Nền kinh tế Nga đang kiệt quệ vì các mặt trận khác. Nguồn lực quân sự không đủ để cứu Venezuela và quan trọng hơn, kho vũ khí mà họ dày công vận chuyển đã bị Mỹ tiêu diệt trong chớp mắt. Uy tín quốc tế của Nga một lần nữa bị dáng đòn nặng nề. Trong khi đó, Donald Trump bước lên bục phát biểu trước toàn thể quốc dân. Giọng ông vang dội, từng chữ chắc nịch. Người dân Mỹ có quyền được sống an toàn, chúng ta sẽ không bao giờ để bất kỳ thế lực nào từ Bắc Kinh, từ Moscova hay từ Caracas đe dọa cuộc sống của họ. Đêm qua, Hoa Kỳ đã chứng minh một điều, chúng ta sở hữu công nghệ vũ khí hiện đại nhất và chúng ta sẽ dùng nó để bảo vệ tự do, bảo vệ tương lai. Đây không chỉ là một chiến thắng quân sự mà còn là chiến thắng chính trị, chiến thắng tinh thần. Hãy nhìn vào thực tế. Một quốc gia như Venezuela với sự hậu thuẫn của Nga và Trung Quốc vẫn bị đánh sập chỉ trong vài giờ. Vậy điều gì sẽ xảy ra nếu một ngày kia Trung Quốc dám thách thức Mỹ trực diện? Liệu họ có dám đánh đổi hàng trăm tỷ đô la đầu tư, hàng triệu binh sĩ và cả vị thế quốc tế để lao vào một cuộc chiến mà kết quả đã quá rõ ràng? Câu trả lời có lẽ chính là sự im lặng hôm nay. Trên khắp thế giới, các đồng minh của Mỹ dõi theo với niềm tin được củng cố. Nhật Bản, Hàn Quốc, Đài Loan, các quốc gia NATO đều hiểu rằng Hoa Kỳ không chỉ nói xuông, Donald Trump sẵn sàng hành động, sẵn sàng triển khai sức mạnh quân sự tối thượng để bảo vệ đồng minh và thông điệp ấy đã vang xa hơn bất kỳ lời cam kết ngoại giao nào. Trong giới phân tích quân sự, nhiều câu hỏi được đặt ra. Tại sao Mỹ có thể tung ra một chiến dịch chính xác đến thế? Bởi họ sở hữu hệ thống tình báo, giám sát, trinh sát, ISR hàng đầu thế giới. Mỗi vệ tinh mỗi UAV, mỗi tàu ngầm đều là mắt xích trong một mạng lưới khổng lồ. Chỉ cần một tín hiệu nhỏ, một hình ảnh mở cũng đủ để Mỹ dựng lại toàn bộ bản đồ quân sự của đối phương. Và khi đến thời điểm hành động, mọi đòn đánh đều chuẩn xác đến từng mét. Đó chính là sức mạnh mà không một quốc gia nào khác có thể sánh kịp. Trong khi đó, người dân Venezuela hoang mang tuyệt vọng. Nhiều người đổ ra đường tìm nơi trú ẩn. Bệnh viện quá tải, khói lửa bao phủ cả thành phố. Chính quyền Caracas gần như tê liệt, không còn khả năng điều hành. Họ đã đánh cược với vận mệnh đất nước và thất bại thảm hại. Hàng nghìn gia đình mất con, mất cha, mất chồng chỉ trong một đêm. Những giọt nước mắt ấy là cái giá khủng khiếp cho một lựa chọn sai lầm. Nhưng câu chuyện không chỉ dừng lại ở Caracas, ở Washington, giới hoạch định chiến lược coi đây là một bước ngoặt. Bằng việc tấn công trực diện và tiêu diệt kho vũ khí do Nga Trung cung cấp, Mỹ đã gửi đi lời nhắn mạnh mẽ. Bất kỳ quốc gia nào trở thành cánh tay nối dài của Bắc Kinh hay Moscow sẽ chịu hậu quả ngay lập tức. không có vùng an toàn, không có cơ hội thứ hai. Người dân Mỹ sau nhiều năm lo lắng về ma túy tuồn vào từ bên ngoài, cuối cùng cũng thấy một chiến thắng rõ ràng. Những mạng lưới sản xuất bị triệt phá, những kho vũ khí bị đốt cháy, những kẻ đứng sau âm mưu buộc phải cúi đầu. Đó là điều mà chỉ một lãnh đạo cứng rắn như Donald Trump mới có thể làm được. Câu hỏi cho người nghe là nếu không có những quyết định dứt khoát ấy, liệu bao nhiêu người Mỹ nữa sẽ trở thành nạn nhân của ma túy? Nếu không có những đòn đánh gian đe ấy, liệu bao nhiêu quốc gia nữa sẽ bị lôi kéo vào vòng xoáy nguy hiểm từ Bắc Kinh và nếu không có Hoa Kỳ? Liệu còn ai đủ sức ngăn chặn sự lan rộng của một đế chế ma túy, vũ khí đang hình thành. Trở lại Bắc Kinh, giới lãnh đạo ngồi trong căn phòng kín bản bạc hàng giờ, nhưng cuối cùng họ chỉ có thể đưa ra một lựa chọn im lặng. Không phải vì họ không muốn đáp trả, mà vì họ biết rằng mọi bước đi liều lĩnh hơn sẽ chỉ khiến họ phải trả giá nặng nề hơn. Và sự im lặng ấy chính là minh chứng rõ nhất cho chiến thắng của Mỹ. Donald Trump kết thúc bài phát biểu bằng một thông điệp ngắn gọn. Đừng bao giờ đánh giá thấp nước Mỹ. Chúng ta không chỉ có sức mạnh quân sự mà còn có ý chí thép để bảo vệ từng công dân và bất kỳ kẻ nào âm mưu gieo rác ma túy, gieo rác hỗn loạn. Hãy nhớ lấy bài học ở Venezuela. Những lời ấy vang vọng khắp thế giới. Đồng minh vững tin hơn, kẻ thù trùn bước và người dân Mỹ cảm nhận được sự bảo đảm từ chính phủ của họ. Phần kết này không chỉ khép lại một chiến dịch quân sự, nó còn mở ra một kỷ nguyên mới. Nơi Mỹ chứng minh rằng mình vẫn là siêu cường số một. Trung Quốc giận dữ nhưng phải im lặng. Nga cay đắng nhưng bất lực. Venezuela tan nát chỉ sau một đêm và Hoa Kỳ lại một lần nữa khẳng định vị thế của mình. Không ai có thể thách thức, không ai có thể vượt qua. Cảm ơn bạn đã xem hết phân tích của chúng tôi về diễn biến cuộc chiến. Nếu bạn đam mê địa chính trị, sức mạnh quân sự và những gì đang thực sự diễn ra sau hậu trường chiến trường toàn cầu thì góc nhìn quân sự chính là nơi dành cho bạn. Đừng quên ấn theo dõi kênh",
    "images": [],
    "relevant-users": [],
    "url": [],
    "publishedAt": "2025-09-07T01:00:51Z",
    "pageId": "UCqGiq_h7HcjijmeAPUxs-9w"
}